-- MySQL dump 10.13  Distrib 8.0.33, for Linux (x86_64)
--
-- Host: localhost    Database: centro_diagnostica
-- ------------------------------------------------------
-- Server version	8.0.33

/*!40101 SET @OLD_CHARACTER_SET_CLIENT=@@CHARACTER_SET_CLIENT */;
/*!40101 SET @OLD_CHARACTER_SET_RESULTS=@@CHARACTER_SET_RESULTS */;
/*!40101 SET @OLD_COLLATION_CONNECTION=@@COLLATION_CONNECTION */;
/*!50503 SET NAMES utf8mb4 */;
/*!40103 SET @OLD_TIME_ZONE=@@TIME_ZONE */;
/*!40103 SET TIME_ZONE='+00:00' */;
/*!40014 SET @OLD_UNIQUE_CHECKS=@@UNIQUE_CHECKS, UNIQUE_CHECKS=0 */;
/*!40014 SET @OLD_FOREIGN_KEY_CHECKS=@@FOREIGN_KEY_CHECKS, FOREIGN_KEY_CHECKS=0 */;
/*!40101 SET @OLD_SQL_MODE=@@SQL_MODE, SQL_MODE='NO_AUTO_VALUE_ON_ZERO' */;
/*!40111 SET @OLD_SQL_NOTES=@@SQL_NOTES, SQL_NOTES=0 */;

--
-- Table structure for table `CodiciTemporanei`
--

DROP TABLE IF EXISTS `CodiciTemporanei`;
/*!40101 SET @saved_cs_client     = @@character_set_client */;
/*!50503 SET character_set_client = utf8mb4 */;
CREATE TABLE `CodiciTemporanei` (
  `id_esame` int NOT NULL,
  `codice_univoco` varchar(36) NOT NULL,
  `data_creazione` timestamp NULL DEFAULT CURRENT_TIMESTAMP,
  PRIMARY KEY (`id_esame`),
  UNIQUE KEY `codice_univoco_unique` (`codice_univoco`),
  CONSTRAINT `fk_codicitemporanei_id_referti` FOREIGN KEY (`id_esame`) REFERENCES `Referti` (`id_esame`)
) ENGINE=InnoDB DEFAULT CHARSET=utf8mb4 COLLATE=utf8mb4_0900_ai_ci;
/*!40101 SET character_set_client = @saved_cs_client */;

--
-- Dumping data for table `CodiciTemporanei`
--

LOCK TABLES `CodiciTemporanei` WRITE;
/*!40000 ALTER TABLE `CodiciTemporanei` DISABLE KEYS */;
/*!40000 ALTER TABLE `CodiciTemporanei` ENABLE KEYS */;
UNLOCK TABLES;

--
-- Table structure for table `Esami`
--

DROP TABLE IF EXISTS `Esami`;
/*!40101 SET @saved_cs_client     = @@character_set_client */;
/*!50503 SET character_set_client = utf8mb4 */;
CREATE TABLE `Esami` (
  `id` int NOT NULL AUTO_INCREMENT,
  `terminato` tinyint(1) NOT NULL,
  `tipologia` varchar(128) NOT NULL,
  `data` date NOT NULL,
  `codice_utente` varchar(16) NOT NULL,
  `id_operatore` int NOT NULL,
  `ora` time NOT NULL,
  PRIMARY KEY (`id`),
  KEY `codice_utente` (`codice_utente`),
  KEY `id_operatore` (`id_operatore`),
  CONSTRAINT `Esami_ibfk_1` FOREIGN KEY (`codice_utente`) REFERENCES `Utenti` (`codice_fiscale`),
  CONSTRAINT `Esami_ibfk_2` FOREIGN KEY (`id_operatore`) REFERENCES `Operatori` (`id`)
) ENGINE=InnoDB AUTO_INCREMENT=22 DEFAULT CHARSET=utf8mb4 COLLATE=utf8mb4_0900_ai_ci;
/*!40101 SET character_set_client = @saved_cs_client */;

--
-- Dumping data for table `Esami`
--

LOCK TABLES `Esami` WRITE;
/*!40000 ALTER TABLE `Esami` DISABLE KEYS */;
INSERT INTO `Esami` VALUES (11,0,'ecografia','2023-07-25','RSSMRA80A01H501X',2,'10:00:00'),(12,1,'tac','2023-10-02','CMMVCN64E27B371G',1,'10:30:00'),(16,0,'ecografia','2023-07-12','RSSMRA80A01H501X',1,'10:00:00'),(17,0,'ecografia','2023-07-12','RSSMRA80A01H501X',1,'11:00:00'),(18,0,'ecografia','2023-07-12','RSSMRA80A01H501X',1,'11:30:00'),(19,0,'ecografia','2023-07-12','RSSMRA80A01H501X',2,'12:00:00'),(20,1,'tac','2023-07-13','RSSMRA80A01H501X',1,'14:00:00'),(21,1,'mammografia','2023-07-13','RSSMRA80A01H501X',1,'09:30:00');
/*!40000 ALTER TABLE `Esami` ENABLE KEYS */;
UNLOCK TABLES;
/*!50003 SET @saved_cs_client      = @@character_set_client */ ;
/*!50003 SET @saved_cs_results     = @@character_set_results */ ;
/*!50003 SET @saved_col_connection = @@collation_connection */ ;
/*!50003 SET character_set_client  = utf8mb4 */ ;
/*!50003 SET character_set_results = utf8mb4 */ ;
/*!50003 SET collation_connection  = utf8mb4_unicode_ci */ ;
/*!50003 SET @saved_sql_mode       = @@sql_mode */ ;
/*!50003 SET sql_mode              = 'ONLY_FULL_GROUP_BY,STRICT_TRANS_TABLES,NO_ZERO_IN_DATE,NO_ZERO_DATE,ERROR_FOR_DIVISION_BY_ZERO,NO_ENGINE_SUBSTITUTION' */ ;
DELIMITER ;;
/*!50003 CREATE*/ /*!50017 DEFINER=`root`@`%`*/ /*!50003 TRIGGER `inc_num_esami` AFTER INSERT ON `Esami` FOR EACH ROW BEGIN
	UPDATE Operatori
	SET num_esami = num_esami + 1
    WHERE id = NEW.id_operatore;
END */;;
DELIMITER ;
/*!50003 SET sql_mode              = @saved_sql_mode */ ;
/*!50003 SET character_set_client  = @saved_cs_client */ ;
/*!50003 SET character_set_results = @saved_cs_results */ ;
/*!50003 SET collation_connection  = @saved_col_connection */ ;
/*!50003 SET @saved_cs_client      = @@character_set_client */ ;
/*!50003 SET @saved_cs_results     = @@character_set_results */ ;
/*!50003 SET @saved_col_connection = @@collation_connection */ ;
/*!50003 SET character_set_client  = utf8mb4 */ ;
/*!50003 SET character_set_results = utf8mb4 */ ;
/*!50003 SET collation_connection  = utf8mb4_unicode_ci */ ;
/*!50003 SET @saved_sql_mode       = @@sql_mode */ ;
/*!50003 SET sql_mode              = 'ONLY_FULL_GROUP_BY,STRICT_TRANS_TABLES,NO_ZERO_IN_DATE,NO_ZERO_DATE,ERROR_FOR_DIVISION_BY_ZERO,NO_ENGINE_SUBSTITUTION' */ ;
DELIMITER ;;
/*!50003 CREATE*/ /*!50017 DEFINER=`root`@`%`*/ /*!50003 TRIGGER `dec_num_esami` AFTER UPDATE ON `Esami` FOR EACH ROW BEGIN
    IF NEW.terminato = 1 AND OLD.terminato = 0 THEN
        UPDATE Operatori
        SET num_esami = num_esami - 1
        WHERE id = NEW.id_operatore;
    END IF;
END */;;
DELIMITER ;
/*!50003 SET sql_mode              = @saved_sql_mode */ ;
/*!50003 SET character_set_client  = @saved_cs_client */ ;
/*!50003 SET character_set_results = @saved_cs_results */ ;
/*!50003 SET collation_connection  = @saved_col_connection */ ;

--
-- Table structure for table `Immagini`
--

DROP TABLE IF EXISTS `Immagini`;
/*!40101 SET @saved_cs_client     = @@character_set_client */;
/*!50503 SET character_set_client = utf8mb4 */;
CREATE TABLE `Immagini` (
  `id` int NOT NULL AUTO_INCREMENT,
  `nome` varchar(128) NOT NULL,
  `contenuto` longblob NOT NULL,
  `id_esame` int NOT NULL,
  PRIMARY KEY (`id`),
  KEY `Immagini_ibfk_1` (`id_esame`),
  CONSTRAINT `Immagini_ibfk_1` FOREIGN KEY (`id_esame`) REFERENCES `Referti` (`id_esame`) ON DELETE CASCADE
) ENGINE=InnoDB AUTO_INCREMENT=11 DEFAULT CHARSET=utf8mb4 COLLATE=utf8mb4_0900_ai_ci;
/*!40101 SET character_set_client = @saved_cs_client */;

--
-- Dumping data for table `Immagini`
--

LOCK TABLES `Immagini` WRITE;
/*!40000 ALTER TABLE `Immagini` DISABLE KEYS */;
INSERT INTO `Immagini` VALUES (9,'pngtree-key-vector-icon-png-image_470666-removebg-preview.png',_binary 'data:image/png;base64,iVBORw0KGgoAAAANSUhEUgAAAWgAAAFoCAYAAAB65WHVAAA4gElEQVR4Xu2dC3hV1Zn3kxASwi0JtxDuEBBQZEBL8V4vVMVKqwJeYKzVqX1ar6Pt1w+tTuVDFKxAVGAQlKp0pGpr7dda27F1dPpZp94v89WqVUQQBAy33C8nmf9/s1e6PIbkhJx9zl5n//fz7Ccn5+yz91q/tc5/v/td73pXVpY2ERABERABERABERABERABERABERABERABERABERABERABERABERABERABERABERABERABERABERABERABERABERABERABERABERABERABERABERABERABERABERABERABERABERABERABERABERABERABERABERABERABERABERABERABERABERABERABERABERABERABERABERABERABERABERABERABERABERABERABERABERABERABERABERABERABERABERABERABERABERABERABERABERABERABERABERABERABERABERABERABERABERABERABERABERABERABERABERABERABERABERABERABERABERABERABERABERABERABERABERABERABERABERABERABERABERABERABERABERABERABERABERABERABERABERABERABERABERABERABERABERABERAB1wlku14BlV8EokLgtdde67ljx47CnTt39tyzZ0/32tra7nv37s1raWnJxZ4DDi05OTnNubm5MexN3bp1azr88MPrunfvXl9QUFDbu3fvmmOPPbY2KrwyoZ4S6ExoRdUhowhs3Lixz5tvvlm0ZcuWUU8//fS8pqamEY2NjQOx98frQvztjQpTkPn7bfM3DKFuzM7Obo7FYt1wTAxiXdOnT5/NRUVF7/Xr1++d4uLiv/bq1eujOXPmbBk4cOCnM2fOlHCHsBdJoEPYKCpStAiUl5cPfuGFF8pefvnlr27evPksiPBwECiAwGZDWLvDOs7izg1vebvZcGzra/O+OZYfwJL2Pm9ubvZ2cw5Y1TXcq6ure/fo0WP78OHD/1hWVvYsLO43jj766O3z58/fHq1WUG1FQAREAARWr15dcPbZZx85cuTIH+Tl5b0MYd2Ptxuxt0BQW/Lz81sgni1439v5vr3DOqYrw9vN+zwOYu59334//rv2/zyW/1vXoII39uzZc/OYMWP+bdq0ad9ZuXLlGNw8aK1rEwEREIHMJHD77bcXfvnLX/7S4MGDV0NIP0Qt6VKItSegIfisCeJdBbfIn770pS9dsXTp0vGw8vXUnZldVLUSgegRgLAdN2nSpKXw+76I2jcY0aX1ioG7z1nHIRDlz1nrfplisMwrhw4d+uh555335Yceeqhf9FpTNRYBEXCewOLFi/tMnz59PtwUL8OFsSve5RDvngibKMeXh64Tulys9xsLCwtfg7968ZIlSyY432CqgAiIQOYTuPbaa4fDWv4BrOMPUFtGUbRAoD2/sPEP83/jXw67MNvlY11o8SPyw6uP/1kz6rJ78uTJ61D3f3jyyScZMaJNBERABMJDYNGiRWOmTJmyAiXiYJ/nV6YIx1mdnqjReqbAGdEOu0gjdrrNepibjxFq/F8zbty4hy+77LLjf/rTn+aFp3VUEhEQgUgSWLNmzYC+ffuuhRB/AgDNFF9amHivVdRoMRur2Yh2ZyItwiLgrAMt6PibDutrv4fXexGm9+Att9xyeCQ7hSotAiKQfgKnnHLK11CKrZwAgrA0T5jjxRQDg6EfBOzoBmBb+ybsz/ikjTAb9wfDA835wGTrEUccUf7LX/5ySPpbSyUQARGIBAFM4DgM4vMUKttAYYofAKRY0y1AEaNYGVcGjzMCZ76XaLxyRyIa9Odt1ZPXjH+fdaalbcqDzzmLZs9FF100MxKdQ5UUARFIDwHM9isYO3bsD3D1/RTdtvzLQQuli+f3OTXgaeKp66+//rD0tJ6uKgIikLEEMPA1DELzAirYZGb5uSiW6SizeZLAtZv79+//xqxZs77+6KOPFmRsZ1HFREAEUkfgsMMO+zquxkFAb5DMEpzPPM6nQ/xcuKaZRm65cxpHjBjxKOKnx6auFXUlERCBjCJw6623FiAa4y5UilOyvUFAI84mWsMWaxfEMh1lpIvDcLJ81M0DBgx4Zfbs2WdmVKdRZURABIInMG/evEFwZfyBLg0zOcOImxFn+aA/m8CpPfHnoKmJ8OBfhiH6x9chadRlDz/8cK/gW1VXEAERcJ4ABONYVGKrsZr5l4OCJmKBURptPLY7H04XtHUd77s3US24biOy5t2NrcT5zqMKiIAIBEdg6tSpl+Ps+yhWtPpMiFx8yk+TS8Oa8iyBjkuJagR/0KBBrWz4NGIniDJPIXB91B155JE/Q8a/suBaV2cWARFwksCdd96ZM2zYsJtQ+DoKiz0YaETEuDbays8ctPXp+vmxkkvrRB47VppMbcGGX/pFTJuf7GQnUqFFQASST+Bf/uVfcrD801KcuR4ri7QmsOcjucQ4cT9zV28ihj3OU/md73znmOS3tM4oAiLgFIGbb745DxMo7kahvVmB9lRliXNqxNlmbkLxkMr0r9/+9rePd6ozqbAiIALJI7BgwYI8WM7LKc6cnszHcD5+UyTs6cpdtQz1/faFPp63CclDpMc73/rWt2RJJ6/L60wi4AaBm266qVtpaentFGf6mOOtODP4p1C61FjR5GysZ/614ssr8ZRzlBu9SqUUARFICoEhQ4YssH3Oxsq1Qr88/7Ms6eAF2twMzYIGpi2MSGOC0Lt42hmflIbXSURABMJNoKys7DsoYQ2FwERr0IKmGPOvCaGzrWq5KYIXat4Q4/NkmxSumBr+1LJly0aEu2epdCIgAl0igKWZOLV4DwXXfqyOHxCk9WZFFSjG+SAxzsm6cRnfP88XnynQt7CbkRPl/nvuuadvlzqAviwCIhBOAlhdm4ubbrJ9zhQGO3ojfqVt+aCDt5zNk0r8wrSGPScM+TeCJsw4pGtKmwiIQCYRQIpLprd8zkzXNsKcLAtQ5wleyP2nnHosp/VPmdQ3VRcRiDwBTDfmgq5NdvY542uWuAYvrl1hbNxPpu2KioreuvrqqydGvlMLgAhkAgEMNH0T9aizozL4mj94pQsNtzibsQL+tf3UmFz03MKFCwdlQv9UHUQgsgSOP/54+p23mUE/E2trQro0WzD8Am1Hdlhhj01f/OIX/3dkO7YqLgKuE7j88svzUIenKMbxIXMHWwS1K4/i+m5wYm/HSpvoGoRIfjxz5szTXO+nKr8IRJIA8jlwxL/BPB4bAXVlJW0J/t8F346msW+2EOu/3nLLLUMi2cFVaRFwlcBxxx03DWXfzUdi42+m4NH6Mo/JEurgLN5k31xs/3PcuWOYxMJMhNpEQARcIIAsaPko53/xh0wxttfE4/9mYJBiLR90+EXavqHaN1W2q+/6qLz00ksPc6FvqowiEHkC8E3+M10bmgl4QHzJwV75xRK2z93AeDxF0J5laVus9g0tLqlROmdbNkPE/wN5vbtnYufPycRKqU7RJHDhhRcObGhouBLi0b2xsTGaEOJqXVdXlxWLxbLgu83C04P3uqWlJQtimwVWWeTU3NycBSH3juHW1NTkfQ5hz0KYoveaG7/P9yDgredKN2SUKRv1OPaNN974QrrLouuLgAi0QwAiswgfx5jb2ViDtgUYxdccVItfsJUWtb1ijIl0MZYzrWOTEyP+SYTvxyc1SidX4wLp37//r5csWXLgDqNNBEQgXAROP/30sSjRpxQLIypa1DXrM35245YwmfvICtEunkvDF9lmGtDY67FzfcZafIeZ//ie5/6gm4N7fB7tdIm05WqpQ2z0rHD1yq6X5sCzizYRcJwAVke5Z8+ePVeZx3j8cL1Hcz7SR3mDT77VZUHXhnH9kA3/97cGCPXrgwcPfnLo0KEvIV/2FvCsgpDnfPTRR/3BdfSOHTuO3rJly+l79+49At/x/L1IZJRVVVWVdrywnrMqKipYjvex6Ox0JPn3/tEmAiIQAgKnnnoqZwzuUZRG21EZdvQDX9O94UezNCG3xZ9mzJjxZbgHijpqytWrV/e/6KKLTp84ceKjeDqpTJfVHH9drAZungAajznmmEs6qoc+FwERSCEB5GZgMqRmM4khRBEG6YxuaL22yd7Hv9Z06doxY8bcvmHDhn6dbaqHH364z5w5cy7s2bPnh+kWaRM2ycUX/LJsve666wo7WycdLwIiEAABTEphDGyFLcpaquqzlrSxoK0wucqvfe1rM7raHDfeeOMknGN3OkXa5Ivm6iv+4HADcrCc29W66fsiIALJIXAPred0ikTYr83BUqySbSzM3VdcccXk5KDPyiovLx8Hf/VrZIAnmVar3bJoA32KMAPCvPmY13iSeuuGG27Q6ivJamSdRwQOhcBll11WjO9tC7tAprN8jLYwViaeLLZecMEFRx8K6/a+c+21106E9fou62ms9VQJNK9pL5PlR6TQip6d7HrqfCIgAp0gMHz48MtwOGekBGqluXx+S6BrsRrJP3YCb6cOxao1F7ItjBVrr5AeND97diQGPb2+AN/0K52qQEgP1kzCkDaMitUxAYR9cfmj3I6PjO4RDKvDbELGMf/nGWec8cugSMyePfs3sNRfNufn7ESGPAa9cVYj68jZj9xMGCHCK8djZumooK+v84uACLRBAOFU9KPuC9o6y5Dzb//CF77ADH+BbmefffYMCKY3aGhmKwbNz56MZM9wRIRJFcLvnM90Jws60C6rkwdF4C9/+ctcnLtPUOfPlPPSwsT274h2+e+g63TKKafQgt7F6zBnRyryodBy5mQcbpx4Q8udG6z3Xp9++ulsxG6rjwTd8Dq/CNgEMChF1XlXOZ0T8r3XQcC4LmNKttLS0jXUylQOEtopZc1UdD8+uvYrX/lK4E8OQYKVBR0kXZ07EAKvvPIKV3Ueyunc2jokUI1H/Xc6PCpJBwwbNuwlnKrZt9yTdNaDnybeUqcVzWtzij8/e/HFF52eWageHngX0gWSTeCtt946D5ZSvhkYSvb5M+x8jRAs+upTsh1++OHvUaArKzkTPPjN9AE75wrTqHLDZz2qq6uPXbBggbNZ7iTQwfchXSHJBPbv338WrOduJk9xkk+fUacDo2yIVyoFynMCM4IjDE84tbW1YxHtM8DVRpVAu9pyES333Llzi/EYO4oCIIFOqBPk1dfX90/oyCQchGtxBl82xTkMAo2+UoAB5aTNnEwCok6dQgLdKVw6ON0E8GObjjIUUaCtdJnpLlZor0+BgmgOS1UBkY50JK6VY0dUpOraB7lO7gcffDAzzWU45MtLoA8Znb6YDgJ4XD0e1+1OAZBAJ9QC3eGLLUvoyCQcxLzRtKAZ7mZC3pJw2q6cInvfvn2nIZ1qr66cJF3flUCni7yu22kCWBg0G/7nM+naSEWMbacLGM4v5GDQbNLKlSsPBAsHuG3cuLF427Ztre6EMLigkH+ENR768ssvO+mHlkAH2GF16uQSePXVV+nfHIrMbJFfKSVRsvQDw8Ux7amnnhqd6HcO9bjXXnttGCzoKXQ/0XoOwxOOb8X3Qt/50qHWK53fk0Cnk76u3SkCmzZtGocvFJrVp8MwCNWpCqTv4AGwIL8R9OXh66X7KTduOa2gL9vu+f0wvG6bN28+K60F0cVFINMJQJCvwI+/0V45BXVWJrsEGIDb9vnz53Nxg0C2m266qQzJkt5ne5iFAcIw09OUAesW/iqQiuukIiACBwjgx3aXWVGaQqBVuzu+OZGRnwK0GSL1sxUrVjCHdlK3xx57LPeoo476V5y0mYKYylSjHd2gzZJYuHm8ev311/dMasV1MhEQgc8Q+K2x0CjUWtqqY4EmL2R2a11UdcqUKQsgqEl1bc6cOfNSXMfLy828GHEL06b1CcdY0BDqHVisoNPrL+r3JwIikDgBb2klIwT+6hlpFYCOLLiwfG49bdRNmzbt6nXr1nlp7rq6Icf0+bhRMoNd65JT5nUYXBwmeRLKVHPCCScwh4s2ERCBZBOYMWMG46U2GcHjo6t5fA2LCIaxHEaYKVRcWNUvYz1E+nrEBh/y6tdI49kb4nwpzlvFc/Jpxjp/69JXYWDi3ygaxo0b95Vk90udTwREAAQmTJjAyRZ7+IM3wmytUi0rup2BQpOO07ImOZBXV1JSsvHqq6+e0NkOduWVV04eMWLEY/heY1s3SYq18UWHSKCbsKjt9zpbVx0vAiKQAAGkzDwZh9XzB298qmF4hA6DAHVUBgqmPaBqcWNioz0YPNwwZ86cE5cvXz78t7/9be/45njmmWcKV61aNRZRIDOxDuSj+LyO12TOZ8u/bdYC9CzpMI0R+PWN4WayNoGuFqpDskNVGhVGBA5CAEIwv6am5iF8nIOFQbOQ88HL96uUo+13GYhlFlJuegcxTzJjlA0zxpFzph248mMu6sfk/tsQ9VGBz7ycnTi+O2ZtFuOYUvzlRKEcTkThubDWYevF0T7e7E4zOSUs7cI6+mkBeAP5OXauxKNNBEQgmQQgCtfgfM1mpQ65NxKL4KClG+Wd1rM/mNyMULsNyeyTqThXUsNtUlFgXSOyBJhLITsM04cj2wIOVtxKqsUETj3hxnHKayCBdrDTRbHI+HF5OY3NyhlhSMQTxXZwuc7oO72wd3OpDhJol1or2mX1QsJMCksJdLQ7Q2dqb/oKLWjsTmmeU4XtTKPo2Iwj4Am0LOiMa9fAK2QEGu6OHhBoWdCBE9cFIkeAi8SaSst6jlzzH3KF7TELvM7H7pRR6lRhD7mV9EXnCWA0vtkWZom0802asgoYkYb1nIfXGiRMGXldKDIEIMgNRpQlzpFp9qRU1Ag0rWeINMMOndlkQTvTVNEuKCZB1PnLF4VmtY5ot4g7tefAsr/IQ2NxcXHMnZJjVpBLhVVZI02g0vYnyoqOdF/odOX9weUm3OQ5Y1KbCIhAkgkst9OLKhd0tGcIom8lNEOSM06t3COvJLlPBn46WdCBI9YFkkEA+SF2wAry/Icmv0IyzqtzZDYBPmn5T1tM4MRkW05tEminmiu6hUUynu32AI+ZsBJdIqp5ogSMOww3+Z2Jficsx0mgw9ISKke7BJDoZgsOaB3gkUCrwyRCgP3EX/2daVA3J/KdMB0jgQ5Ta6gsByWAH9dWWEJeXkxtItAZAsbFgUyIH3Xme2E4VgIdhlZQGTokgMfTfbCEdvNA88jqW0YdflcHRJuA31+aMcjMpzCnNgm0U80V3cKefPLJuzFIuN9KwN4q1NGloponQsCPgW7CorEvJnJ8mI6RQIepNVSWgxJYsWIF41e30qfIFT1sS1rYRKA9Ag0N3uIwDViJZ69rpCTQrrVYhMuLR9T/ZvUp0Aq1i3BH6ETVaT37S3PVYqHbv6/R1Ylz6FAREIEECGAV6ktwWAz+aG8RVC17ldhkDTBLaFJHJh5nFrUtLCz8XQJdLHSHyIIOXZOoQAcjMGzYsFfxWT0XJLWWMhIwETgoAS5kyxvPoEGDnncRkwTaxVaLaJnHjh27CVXfF5YVoyPaDE5V2xfoGNwbEminWk6FdY7AI488UgWf4vvOFVwFTisBjFnsLysr+0taC3GIF5cFfYjg9LX0EID/+TVemYOEioNOTxu4dFX2kb59+749ZMgQL4ZemwiIQIAESktL/xHRHLUaIIzuwB99ymbnYLGVre5zg6GwnmPoKxsD7JKBnloWdKB4dfJkE5g0adKzTN7PUDvlhE42XffOx7j4+DzhVgY7LjIcmzx58nr3anagxBJoV1suouV++umnt6Lqf+OP0ExYiSgKVRsEjEAbUY7/i0P2n3baac7NIFTjioCzBDBQuIKPrtgjG99rP+brdZYXE09XB//a7i+8/k9nO7osaJebLrplP/zww3+O2lf6yxhFF4Rq7hEwVrOJjbdcHo0jR45c5zImuThcbr2Ilv2ss856FVb0hxGtvqqdIAE8YW098cQTf5Xg4TpMBEQgWQQQNvWQHu0VycE+ELfuoOf2QqRPI6Z5r0xWf0vXeWRBp4u8rtslAn369NnlC3SXzqMvu08gfto/B48h0BVYWPjXrtdOAu16C0aw/GvWrCmoqqoaQ/djBKuvKlsEIMLef37OZ+81xyZqamoqLr/88v8QLBEQgRQTQCz0D3DJama1k5sj2m4OTlSx+wCWteL/TXCBXZPibqnLiUC0Cdx9993ZSHpzKyjskzBHW5hN+9P/bESaN2z/pr393HPPHRztX4tqLwIpJjB69OjFtJyZ41fWswTaiDT8zZ4V7feJZqyccmeKu6YuJwLRJgBxXgICnOLNEXrvB4mBQrk4IpyM3wg0+wR80SYnx26sXzk22r8W1V4EUkjgyCOP/CEux4XlvB+hSY6jhEmyoo1I+yunNMMH/ZMUdk1dSgSiTaB///73gkAjLSQztZsDQRi1l/Us67n1Zu0/Ve2dOXPmuGj/YlR7EUgBgfXr1+fAKnqY4kwridYyfYz+KL1cHBJnrw/wxu1b0c34+3gKuqYuIQLRJrBixYpcCDHFuck8wupvdN0ZxpVlLxRsxiHYL3r16kWR3nvSSSdNivYvR7UXgYAJQJy7Y+3BclrO8jFHV5TNDZmiHD8YzPeMi8tEbhQXFzub8zngn5ROLwLJIQBxzhs4cCB9zk0IlZKPWW6MeDeG59Lgbqxp33redc4554xKTi/UWURABD5HYPny5T2wnNUaijMHAwsLCyXQEmhvYNhE7tBqbiMHeCPSz16rn5QIiEBABG699db8oUOHrqU425NQNBlFLg4zKExhtqd1U6z9/99duHBh74C6pk4rAtEmgOnbBcibwKTqnuVMv7M1Mi8rWla01wdscaZo+zfv6mOOOWZGtH9Bqr0IBEQAoXT5EGfP52yWK+KPkQLdt29fibPE2eR2bp3ab7k4mhAjf09AXVOnFYFoE/jxj3+cj9H5xyjO/kCP92O0BwftmGd+pj16DHjjtq1n4/ZC33j94osvLoz2r0i1F4EACJSXl+fjB/ZzuDPqJbrRE93OtrkRZf7145+rpk+fflYAXVOnFIFoE2Ao3ZgxY+4Chcb4XL6d/eHq+MwX97h4Zz5FNUydOlVRG9GWEdU+CAK0nEtKSlZTnG23hoQ284X2UNuY/YRWsz9wHINb7OerV6/uFkT/1DlFILIEli1bxgFBLuLpzRBUqlCJcqKibVwc6Dfv3XjjjUWR/RGp4iIQBIHFixfnYSUUT5zthEcKp5NIdyTSVh/ZNXfuXOV5DuIHqnNGlwDdGpiE4omzvTSRyenc0Q9Un0dbxH2B3j9jxoxTo/srUs1FIAACDzzwQK5xa9CPaDKQ8UeH5DYKm1PoYCJ9oHbatGmXBtA9dUoRiC6B++67Lw+TTR6g5WxG4vm3X79+rT9KfxWMRH6kOiaaYt6AcEwOKmsTARFIFoE1a9bkDR48mLO8vGWqtIvBwfoAB4zttLJW/pUG3OBXoS8pYiNZP0ydRwTWrl3b/YgjjuCqyrR+JM66QbXbB4w48y8zGPpTuesnTZp025IlS7rrFyUCIpAkAitXruw+atSocro1aDG1kRpSgi3B/lwf4OAxLWdfrOuGDx9+y9KlS/OS1C11GhEQAebWGDly5N0UZw4CHiR3rwRaAv2ZPkBhtiYtVY4ePfq7mG2ao1+UCIhAkgjcc889+bB66HNuZPicidbQqijyPXc0/mDFOe+eMmXK3CR1SZ1GBESABODWyJ84caInzvwx2uF0Hf049bkE3O8DHyKv8wn6RYmACCSRwGOPPZaLNQS5WKfn1jAj8Ayf0wChxDeBG3AT4uEfxwzBoUnsljqVCIjAI488kgshfhQujVr+EOnaoC/RzlBnxzwn8GOVfzpa/uka9IkfzZkzp4d+TSIgAkkksGrVqrxBgwb9K06pOOdoiernbqImob5xbR1sCj+frqyb97Zjjz32zCR2SZ1KBESABO6///58rKK8guKsmYByY9CVFR9OSTE2YXPW4q5eLmcc/+uzzjpron5NIiACSSbAAUGEQZXT50yXhT0DTC6M6Io1BZruLYo1LWnbijYRPegf+xCG+c/XXXddzyR3S51OBEQAbo2CcePGeeLMH2Tv3r3lM464e4M3ZQ4O03URf7Pme358cwx/XzjjjDO+oF+RCIhAAARuu+22gtLSUm8lFNtSlosjulaz6Qd2Tm87ksf/vAo39YVXXnllcQDdUqcUARHAlNseiHNeZcTZ+Bvbsprk5oiuYFOcLXdGXVlZ2YOzZs2aol+QCIhAQATWr1+fjzjVByDGlfQrGt8ifY1aUzC6YmzfiCnKVnRGAxIe/e6cc86ZHlCX1GlFQARIAMn28yDC/2a7NehntH3PWldQIu0/UdUhWuO/TjnllK889NBDSnIkCRGBIAkgt0YPWELrcA3FOScwEMiQMuOLpTVpFiigpcmbmvHNxoej2ZN6bKuUx/E78Ws28lz8jN/jX/uphv9bLoYOI2xM/LK5Ls9tzhefo5nHmIFha4ZoM97nZJPnzz333GlB9kedWwREwCewfPnyvLFjx/6I4qx1Azu2kO0p7bag2mJsBI9/KaJWas1WIeb7JgugLbQHi5IwwmrayBZcI+Q8hjeL9s7BY026T5YrPkwOvuT45cnqMDj82vTp06+aN2+eFnGVcohAqggwKx1WQimnOMt90bE4UwBtTrZ16wtoA7L8/Wr8+PFrkSf7ZxDRCvNUQlHkVPjOxpIbS7mjpFTx57WtbdtaN6+Nxc7zG2vasvDrcSN6e8KECXecf/75U9lPUtUndR0REAEQ+NGPfsSUod5KKPzRKs45MYE2bgxjrRqLGiJXg5Vl/pfdue69994Bs2fPPh2Tfch5E/Yq7DFzDoouLV47lzYF0wi/cW3YAmuEl39tt4d5bY41lnK8e8R2z1jnjeF8+3HzeQkrsi+dOXPmibfffnuhfigiIAJpILBo0aJ8/BDvojgzttn4UBXnnJhIU/QozNZ6erVwAXyrvaaEFZoHF8FhyGmyAGvvPQJB/MAX7NbVaNryQfNaxto1n9sulHjL2ZSL4t+OtR7jDQXt/kFJScnGo48++mJkmBt91VVX5aahO+qSIiAChgBWr6A4M7eGl2zfWIK2labX7Qs1hdkaGKxFbuNvdLaHLVu2rMf8+fNHTZ069UKENt6H77+BfRsE9iOI8j7f0ubAXOsMTns9P9tSPkh78bu01uuxV+O87+I6T2O/H3HuXz/vvPMmLly4sE9ny63jgyWQHezpdfYwE0Ccc+4NN9xw544dO66ACHRvamryiguxycIPOGvv3r1hLn4oygZXgserpoYBDVn1p5566j8988wzDE/s8vaTn/wk//HHHx+Ccw9AW4zEPnrfvn3jqqqqRtbV1ZU0NjYW4aaajT0LbdcLF8TLnCbsDRBv5uhmA9ahLbfB3/0mxhfegBvrHeTEqBgyZMh+WMh1XS6kThAoAQl0oHjDe3KsIZh7zTXXrKqsrLwU8c7dq6urvcJimapWYcb7Web98NYk/SWjSMdisXpYoj94++23l6WqRL/73e9y0T55EONu9fX13VCGbD97XDNuuDG4qHjDOHDX1SYCIuAGgdWrV/fAANBalDaj45wTiZCI99+25c+lL974eymAlq/ZzKKrxXp6V7nR+iqlCIhAaAnceeed+Uhg48U5Y3c+I52JcrAjGGyR7WodMYDXJiMO1mEyDz+rOeGEEy4ObYOrYCIgAm4Q4EAUfI/lFGd7tltXRSyd329v9hvLZQt4W6/tMLW2Xpu6megJRkNYSeprsTLIJW60vkopAiIQWgKYIViAQaK7Kc4Um/gZY+kU2bBf24SomVhiv7w1Y8aM+Uycc2gbXwUTAREIL4Hy8vJ8TNldiRI2Mgudvfp22MWxo/LFW9Bt5ZHo6BztfW5P5bYy+FUdddRRl4a3xVUyERABJwisXbu2O8Kq6NZoTbZvRCcTcm2wDu0NBnY0CNjR50a8LVa7p02bdp4Tja9CioAIhJcAYmhzzAxBRiEYkeE07gEDBjg/QBhv+fo5JBrga67DXs+dMcEH2fkZJ21w8kb8ztA0szci4mUfJ4zgvRcQrXFieFtcJcs0AoqDzrQW9evzxBNP5Fx44YU/xoSGi8wkFE4+wessxD57R/G1mZziKgZO0oAwZ0GMK7F/gjp9gL/VFGe8z9lzZuMNyQhxqwA3NzfzfT5dmM/4mhM4vB3nr8Y59+CGtunMM898G1Ew9jldxaZyi4AIpIvAmjVrcjEgyFA6WogZZym3VSeIcSWmKn8xXcx1XREIgkBOECfVOdNHAD7nXCTi+eEnn3xyDSzmyKxuwanNsJq3p4+8riwCIiAC7RBYuXJlN+Qdvt1YzvEreGSqNe2Hv+1CSswh6iAikEkEZEFnSGsit0YOcjov+vDDD6/HgGAeE/hEZWtpoRcni75o+pG1iYAIiEB4CMCl0Q1ZyjzLmZEaZskkJD6KhP+ZTwZ4WqiABT0wPK2ikohA1wnIgu46w7SeAW6NbCQ/+uGWLVuuR0HymFnNbFFKFworOgf7AVNamwiIgAiEgcDAgQPLaTmblaNpTTL7mj0Dju9l+o4nh7233nrrgDC0icogAskiIAs6WSRTfJ6NGzdmY+rxqoqKistpOTOemdYzY5uZPL62tjYLSdpTXKrUX44x0P6u+OTU49cVRUAE4glgMLAbLOcltJwz3TLuRP0q4YOWBa2fS0YRkAXtWHNiDcFuWB164a5du66DKyMycc6ONZOKKwIiEDUCyOeci3zOt9FyzoRER52wjhPxoe+HBd0/an1C9c1sArKgHWlfRGvkrlq16ofbtm27HjHOeUh45EjJU1pM5ZZJKW5dTAREIOu2227LLS0t9SxnsyoILWh7bbwkW6OJWKxhO4YWtHzQ+r1kFAFZ0CFvzjvuuKPbhg0bbtm+fft3UdQ8Zm9juC//IlNdyEuf0uLxhiELOqXIdbGgCeQGfQGd/9AJrF+/Pvd73/vecqQHvRjhc3kU5sbGxixO46ZAu54q9NDJ6JsiIAIikEYCDzzwQDfEOd+LIjSYFUPo1rAnoBxsxemIujv2wcUxKI1NpkuLgAhEgQBya+QXFhZyDUHFOScwC5KL4ILV3sWLF0ugo/ADiVAd5YMOWWNj9e28u+66a+G+ffsuh8WsOOfOtY980J3jpaNFQAQSJQDLuQdWQimnWwPr4IUtSiKU5fFzQXsWNKJdZEEn2tl0nBMEZEGHpJkwfbsHIjYWYyWUK1Ck7krMlljDMA8H1hXkwWZR3MS+qKNEQAREIBECixYtKsDq26twbCMz0SFKw7NW+Zp/tR+cgRlABaMKLOia+dmhEulQOkYERCA5BJBbo1WczfRtI9AS5o5vTkagMYHno7vvvrtvclpFZxEBEYg8AcQ59ygpKVlNy9mPRPCsZQp0lFZD6cqNyAg0ZlW+hAVzNaga+V+VAIhAEghgDcF8DAQ+QHFGvHOrG8MWZvv9rohYJn+XTx1c0Rus1iahWXQKERCBqBPAJJQeSHb0EDg0ZIp40pK1/MGtNxw+GXCNRPMZ/+fqL8wpwtfx36Hg8n3ufM2nibZWJzfX891C2+bOnTs66v1K9RcBEegiATyG50+aNInJ9jNGnHmTOZhAJ+sGZMLpKPZGvPEeJ/K8feaZZ/5DF5tFXxeBUBJQYH8KmwUpQ3ti3bwVCKW7DD7T3ExKdsRwt/jQQLwXw3s1eFp4H1ZwNXKHMHzQW9UWoXHd6JrA+3WxWIwLvnLpqiZYxE0UYxxbgPfzkXvE9ivTMo9BoPdDqLdif2nevHkPrlmzZl8Km1GXEoGUEZBApwj1unXret18883lEOdvQGC4ZVQ2uniB9tcJ3I9ZkV/E8lxbEDJY39DQkA3RxUcHxBx/m+mimDNnjtYTTFE/1GVEQATiCJSXl/caM2YMB7GaOPBnBv8yOdmR70vepM4gAiIgAqElgFC63sOGDbuP4mz8sSYjXaYsW9XW4CAH9uCC+CC0DaOCiYAIRJvAE0880XPkyJHrKM6MRuAAF0WaK6FkSpxzW4ODZkAP0RrvRbsHqPYiIAKhJPCLX/yiF0T5txRnEybGqdt2bHMmxDl3INDvhrJxVCgREIHoEsDirr0xQ/BBEGg0bo1M/mu7amx3B54U/hLdXqCai4AIhI4AojV6T5gwgSuhNEVlUdd2BPqt0DWQCiQCIhBNAkjW0wc+588MCGay5Wzq1o5Avx7NnqBai4AIhIoA3BqF48aN88SZM90wOSMyaULbEehXQtVIKowIiED0CCxZsqQI+ZyZWyPmJ+/xpj5HRaTbEeiXotcbVGMREIHQEMAqKH0nTpy4geLMR34TsdFWIqBMdXe0I9AvhqahVBAREIFoEcAklGJsv4QY11CkjFBxIkomhNAlekNpR6D/HK0eodqKgAiEggBShhZDhJ82ljPFjEJlL/aayVO5bfGWQIeiS6oQIiACJLBs2bJiJAB6BC9bp28nam1m4nFyceh3IQIiEAoCSHxUhGiNB2g5a1HXA2sGSqBD0TVVCBGINgGsGl2MaI3WAcFMtIYPpU6K4oj270K1F4G0E8AklKKysrIf03JmpIas57+vuC2BTnv3VAFEILoEsApKEXJrbKQ426tvR2Uqd0dWtQQ6ur8N1VwE0koAbo2+hx12mOfWMAuaUrBsoe5IwDL9c/mg09pFdXERiCYBxjn369fvcQhQPQXZTEJhbueozBJM5ObSjkC/EM2eo1qLgAgESgBxzkWIc/53Ws5GpEwievN/lCajtCfU7Qj0c4E2kk4uAiIQPQL33ntvcWFh4f9FzTMiztkk1TdPABRbvocVT7qc0CneD8+nC+tJgwsWaBMBERCB5BCAz7nP+PHjMyZlaPyKJ/yfAkqXjZme3t5fcyyPt3e+b4SY7h5MefeW8qLo+/75Znz+cHJaRWcRARGIPIEVK1YUIs6ZoXTeGoKJ+F/DfgzXQYxf1NWIc7LKzmvEL4ALsf4UE3rmRr5TCYAIiEDXCdByhjh7lrOxGs0ir8kSsnScxwinEWnj2mAdeRNKxIq2U6ia440FbVYoZ93okzfRLYMHD37km9/8ZkHXW0ZnEAERiDSB5cuX9xk9erRnOTPBkbGe7cRH6RDXZF6Trgfjkoi3qA/lOnb2PvN9/2ZAv/0bs2bNGhrpTqXKi4AIdJ3A2rVrew4fPnwdztQarWGsQntQ7VBELAzfMWJsDQg2oH7vo2y7sH/q7xX4y313/I7v7/SP5d8d2D/Bvt3ft+Hvx3BnvAnLmesP/hGDq9//6le/OqjrLaMziIAIZEcZwYYNG3p9//vfX7l9+/aLIWDdGhsbs1paWrJgOWdBxLJ27qQmub1BOLNisVgWhDarGduIESM2nH766csgqjtramqyUV9avK03p/ja4vv8mneOpqamFr4mI958eM6GhoYWxIrTVRJbs2ZNg9u0VHoREIFQEHjsscd6IvKAUQZNxtdMK9OObY4f+KIoOb43zp8///RQNIAKIQIiIAJtEYBbozes5J9RnB0X3IRuGJbPuemMM86YqV4hAiLgBoEcN4qZvFLiMbwAOZ2XVlZWnoOzdkvemZ04E11a+U6UVIUUARGIFoFVq1b1GjJkCAcEm6KULtSyoJthQZ8frVZXbUVABEJPANO3e5aWlq6lODNWN1MmoiTiookT6ItC31gqoAiIQHQIwKXRC8n2PXHmIKDJH4GQsIR8uImIYJiPiRPoC6PT8qqpCIhAqAmsW7euN+KcvRmCRqhM1EYmxDkncmOwBDomF0eou6sKJwLRIfCb3/wmH3G/91Oc6dIwwszXUUoVGifQs6PTA1RTERCBUBLAJJRCCBMTxrfGOXOGICdVGKszKgOFEuhQdlEVSgSiSQCJj/phIPB5uDBqEnEBZPoxcQI9J5q9QrUWAfcIZFwc9B133FH04IMP3oWmmAphUja1z/fJSE/vd+8nqhKLQIYQQD7nfsOGDXsE1YklY7WQTLGsFQedIR1c1RABVwkgZWhfhNI9RHHOFGFNVj0k0K72apVbBDKAwNKlS/MhzuuN5cyczhS3KEVqtCfmEugM6OSqggi4SmDChAnfRdkbjUgxOiPZyzoly5pNx3niBPoCV9tZ5RaBqBFwfpDwggsuGPa3v/3tejRcLuKcvfarq6vz8jkzd7G2zxHQIKE6hQg4QsB5gX722WevQd7mgeSNgcEsrDDtCTOy1TnSBCkvpvNtnnJiuqAIpIlAbpqum7TLfvrpp2fjZN0R85xVW1trVvtI2vldPxG5cAUU7nB1NGNVlKilWHW9CVX+CBNw2pp6/vnnWf5+bD9/GaYIN2XbVefTBHc8ZWRRrLmElSCJgAi4QcBpga6oqKA45xlxlkh/vtMZJsY/D5HmKjLaREAEHCDgtEBv27atLwQoz7agJdKf73W0nLnAK9wbMKRzGO2iTQREwAECTvugP/roowIIcmsdJM4H73EQZ37YjOiWvQ70SxVRBEQABJwW6C1btgyyBVot2jaBWCzmWdDYGkeNGvWhOImACLhBwGmB3rFjx2hgVlxvO32NwswnC7o5ioqK/jht2rTtbnRNlVIERMBpHzRinYdLoNvvxGZwEH83I5HU2vPPP79W3V4EREAEAicAwfk5LuL0uoJc5cUsHIABvNZVXzpaTMCsDsP6cyq3vfM8/h7DX87Y+f+nYAu8QXQBERCBpBJw2sWBiSlDkkojDSdrbGysLy4ufhnxyT3xuieElqN5+VjYdjv+L8HsyCq+hy0PolwFd4W34fgaPEEMguuCFjG/E8NxjNBowF6HfT/+3zxp0qRnTj755FeWLVvG97SJgAiIQPAE3nrrrWxYmR84bkHHLrnkkitQF6dvlMG3tq4gAtEk4KwPeteuXcWwKntnQLNtOfLIIzV5JAMaUlUQgWQTcFagEcHRCzCctzxLSko+TXaj6nwiIAKZQcBZgf744497wBXreuKfluHDh1dnRldSLURABJJNwGWB7otBNFrRLm/NI0eOVNibyy2osotAgAScFejdu3czgsP1SSqxgQMH7guwfXVqERABEUg9galTp/4fXNWJGGgTs2xWGudyXP4yVBLn1HcdXVEEnCHgrAXd0NBQ4gxlv6B2WlS+xqK2H7tWB5VXBEQgdQScFWhMUvGWuXJpM2skmr9wb7zlUvlVVhEQgdQScFKg33777eyqqipnZhHGLyjg/98yYsSI11Pb3LqaCIiASwScFOidO3f2c1Gg41YZbxk9evSbLnUWlVUERCC1BJwUaCwU27umpmaQn+M4tcQO4Wr2QgJM+8mN+TWQm3nTIZxOXxEBEYgIAScFev/+/QVoHy7f5EQz+Stqe2U1ZYZQ15WWllY5UQEVUgREIC0E3FC4ODR1dXWeQLtiQfsWs7GcWy3ovn37KsNcWrq9LioCbhBwUqD/8Ic/TEBMcaO/zl6oSdOlQQsasc9eOTH70fvLZajKyspkQYe69VQ4EUgvAScFGgOEJYiD7pFedIld3fifzQChEWrke95ZWFioad6JYdRRIhBJAk4KNKZ5j2RrueCDNsJMi5mbGSSEe+ODCRMmcCakNhEQARFok4CTAl1RUVFmi13Y29ZeuNVY1P369Xs/7OVW+URABNJLwEmB3rt37xhXLGiKs7GaafH7fvOWQYMGvZfeptfVRUAEwk7AOYF+4403+mAtvlKCteOLwwzaRJvwr+/qaEaIHZfr0iYCIiACByXgnEBjqat+GCDswxrhr1NNa4S6oKCgAgK91anCq7AiIAIpJ+CcQMN6ZvQGtM6NVNC08uMt/fz8/KqioiKtpJLy7q4LioBbBJwT6Oeee24ULNAaip7x7YYdOcTYKyJ90MgNnQUfeun48eMVYhf2hlP5RCDNBJwTaMwiLEboWh65uWJFIzVqazNzogpuMDuLi4s1izDNnV+XF4GwE3BOoGF9DsZAmzdJxRWBxk3F6wdmkgrE+T1EcciCDvuvQ+UTgTQTcE6gd+zYMcpM8XYhioNuDUZuYOZgqy8ak1S2TZkypSbNba/Li4AIhJyAcwL9ySefeDHQ3MzsvDAzNrMdeTPBFHUWtRkW9OthLrPKJgIiEA4CTgn0m2++mY9c0KOIjsLnggVtmrm+vt57iXUI3zniiCN+EY7mVylEQAREIEkE/vznP/fu2bMnF1ptMStk83WYd9xIWrizjIjg2DV79uxZScKh04iACGQ4AacsaLo04H/ubixoF9oGEScU5v24obw3ZMiQW0477bSnXCi3yigCIiACnSZw1FFH3UdrFK4Czyq1LWlaqoiNbrWojeVqW9jmGP5FFIi3m/f43ba+05aFbr6Hz2IQ4EqKMF7Tj1GN1x/D0n8d6UR/M2DAgJWTJ0+et2DBgpJOV1ZfEAERiDSBA1nkHdpOOumkR1999dVLqqurczkBBDMLW0tPv7SdgtRMZGHKT3uPr268L5vhezhPE/YGWuz+580Ik6vFDWE/xHcnYpl34fVO+JP/H0R4Kwb+diE6o37gwIE1CKGrRNkqZ8yY4cXXwW+eBf+5Q5RVVBEQgTAQcGO+tEXqT3/6U86iRYu+/9RTT92Kt7sxttiE3Zm46HYGD03+5RZ8rw4C3oDBOy6f1QzR3QVR3YQ0oJv69++/FdbvLoTG7T7uuOPewWc1eL8ewltTUlJSgVmAB0b8tImACIhAgAScE2iyePLJJ/ved99985599tlrMEtvMGbn9YR/OpeCS3GGtZyN1/W0duFu2NenT59tsGz/Nnjw4A+xb4MveAeEdh9XNIHLZDOOo0DXjRgx4kBWfW0iIAIiEAICTgq04QaRHvr73/9+ClwReRBhuhb2YK/2Ld1qWL3V8P8qKVEIOpqKIAIiIAIiIAIiIAIiIAIiIAIiIAIiIAIiIAIiIAIiIAIiIAIiIAIiIAIiIAIiIAIiIAIiIAIiIAIiIAIiIAIiIAIiIAIiIAIiIAIiIAIiIAIiIAIiIAIiIAIiIAIiIAIiIAIiIAIiIAIiIAIiIAIiIAIiIAIiIAIiIAIiIAIiIAIiIAIiIAIiIAIiIAIiIAIiIAIiIAIiIAIiIAIiIAIiIAIiIAIiIAIiIAIiIAIiIAIiIAIiIAIiIAIiIAIiIAIiIAIiIAIiIAIiIAIiIAIiIAIiIAIiIAIiIAIiIAIiIAIiIAIiIAIiIAIiIAIiIAIiIAIiIAIiIAIiIAIiIAIiIAIiIAIiIAIiIAIiIAIiIAIiIAIiIAIiIAIiIAIiIAIiIAIiIAIiIAIiIAIiIAIiIAIiIAIiIAIiIAIiIAIiIAIiIAIiIAIiIAIiIAIiIAIiIAIiIAIiIAIiIAIiIAIiIAIiIAIiIAIiIAIiECiB/wHuhJdfzU9+oQAAAABJRU5ErkJggg==',20),(10,'pngtree-document-vector-icon-png-image_355823-removebg-preview.png',_binary 'data:image/png;base64,iVBORw0KGgoAAAANSUhEUgAAAWgAAAFoCAYAAAB65WHVAABAu0lEQVR4Xu2dCZhcZZ3uq6rXdLrTWckCgZAQICFBJICoQe+MIuO44Dx6lesdfe6M1xkcRpl7ZVHugBuKAsoqjCOLBEZkGRBFhBkFRXBhAg9hkyVAQshGks7SSXd6rfu+J+drT1eq6nznO1Wntreep3qp+rb/7/vOe/7nW1MpvURABERABERABERABERABERABERABERABERABERABERABERABERABERABERABERABERABERABERABERABERABERABERABERABERABERABERABERABERABERABERABERABERABERABERABERABERABERABERABERABERABERABERABERABERABERABERABERABERABERABERABERABERABERABERABERABERABERABERABERABERABERABERABERABERABERABERABERABERABERABERABERABERABERABERABERABERABERABERABERABERABERABERABERABERABERABERABERABERABERABERABERABERABERABERABERABERABERABERABERABERABERABERABERABERABERABERABERABERABERABERABERABERABERABERABERABERABERABERABERABERABERABGqdQLrWDajm8m/cuLF59uzZw9VcRpey7dixY6zdTJ48Ocs0ent7g20pX7vywuW+RkZG0khj1HyOtDN4ZSdNmpQ3vEt5o8ahfcauqHEVXgRKSUACXSKaDz744OEvv/zyIgjV5Gw2m4bIjDQ1NQ1RgJAFBWjEf5u/+ZtvCpF5B0vjCdTo6CjTGqVo4cX/U+l0OtXc3DyC9yjfJhI/D7zwbzqN8Bl8xi/4L782gfh/lukH4htR9H7viz7q5Tk8PJzGOwN7WBAvPb5RLpPm2Gd+esHC5IrtWD6+fSO00bfPK5exDb9NWO9zk6+xJ2Cfx6WIfVna47NmOO9/5o93NmBfmuUw4fLYF8wjyDvv3yyfX3+0L8P/aUjAPpbJqyO/gvi3+T/V0tIyvGfPnk6Ur7m7u3snbvjrZ82atWXp0qXrQzNXgJonIIGOWYX33nvvW37xi1+874EHHvjAmjVrFg4MDLTzIsQFONTR0bEbr0mBLIJCFRTlot4iLvBhihOFEQLZwvQg/oPIY3Dv3r1dQRN8ERqrV4pCQLSoAuPy8r8fS8KPb/7PtrW19fn5NsOuJpMWw/kCP/aZK8o89mVh37BvX2eOfWHlz/0+96417mYI+/bk2OdlV8S+yNcMb9ZMj6xRf81+/dG+IdTfRN++fXeXnPppbW1FkxqYwO8Yfvr06ZsXLVr01Ec+8pE7PvrRj94yY8YM3vj1EgERyEdg+fLl97e3t+/Bd96FP3HixCy8nqBXXJK//Qt3XFr5PjPlKNXvQvlCQOnllsQ2llX2jXuS2o8rbvZe2/LrdXThwoV/POuss76mq1IERKAAgb/4i7/4d3yV201RMtEqlcgqneLiV8N8Rr/2ta+d9frrr3tPVXrVHwHvcUuv6ASefPLJOaeddtphiBn5kTd6boohAnkJpK+88spz2E+Nby8XIxEQAZ/AnXfe+W5cGAM17H3J0x8/QFuzPA444IA3vvKVr5yri1MERMAncO21135C4ly3XQc1I9YY//DKij7qXol0/cmTN0dKr+gEOOXMF+jokRVDBEpEYHBwMDVhwoRUX19f5yWXXPJF9EmfXaKklUwVEJBAO1YC57xhJoOmODnyU7TSEDDz4tHdlsKUzu7vfOc75331q1+VSJcGb8VTkUA7VgHms6b8BRuOKSiaCMQngKmO9J5TQ0NDKcyZTm3fvn3yN7/5zX8+77zzzo+fulKoNAEJtGMNUKD9VWy2KQRX6ZW6j9OUodTpFlrlaGtzJcOVk0XVcPFXPXqcKdC+YE+6+eabP33++edr4LCSLbAEeWuKmAPELVu2tNx4440fO+ecc25C9KI3OQze0MMZPeGEEx589tln39Tf39+FfR420/vG55NwUe0dU9d9S6jHXlx5xjdXkHE1mlmFZv7mCjN/JkkhK2zrt+BKRvS1t3IFIVf2sazs1uH/LAvLxs8LlJ9LH70l74Hvx/Xb+/Zx2XOYfcVWWobZmC/u2Gd57BuGfc0W9nlPUHnsC9afx8C3bzRQf/y7ifXHwT2sJuwgU4bDMu51PT09s3fu3DkdbFN0BBxf3k0EIn3Oxz/+8RVYfbjFMR1FqyABzYN2g2/21wiNjQGc0UMOOWTlfffd99fYAGg7L0SMvPdzDwhevLgIx/bSyJcY977IFwaPtC24wNv4RrzgHhPBZMLEK1+W4/bUwA1giOXE70GWm3uCFDLatssnuJyZQpWvLz9gX7uf37gl2nnKUMjW3PKO7UXCNGgXbxS59tGW3GXXoZWdJ0CR+mtG3bVikK+J/ch4pSHU7dioqfP222//q2uuueaL2INjGm7oLtl66fHHZZdd9s9sa3AqvoNl4UXbmmtGilc+AhJod7ZF988wyW7bti2N/R4mcQ+FYFa+0IWmUUjAKZxIj+/d7iaUNqaLoBUaaK20fS625KNZpP745JG70+EueM5b4VXvwYBfOwQ7bgWlkc7kq6666gsc1IZnfvnUqVOdXfK4hVH86AQk0NGZGe8kVFwZEF7nEPZQ6OVuZHjV3dajbvgUqxABetVsK6UixCl4u3btmnr55ZdfwI2XkO7VpUpb6ZSfgAYJ3RhbiTOThhfUgsfWGehvHrfrnFu2ilXvBPxl26Po4mktha3sw0bXGsc7ur797W9/GYtZ/qEU6SqNZAhIoN04Wws0kmf/7XBnZ+dOt6wUq8EIcH49N5HmXt+xTedCFvZx40kujb3Kp15xxRX/78ILL/w0ujs4dqFXlROI3wKq3MBKF48j8RTpUvVpVtoe5V9eAubQglJ1c7D9oR/aO8wAXRxpzhC59NJLv4KulBQGDm/FwGHVjGGUl2xtpi6BTqDe8LjahguOW0IOJpCdsqhhAv4JN97+2BTVGNPsPAr+KTOcEsgZK95H6HKbtWLFis+hXXKmx7/WMK66L7q6ONyq2Hr6Gi8wXmyc4+qWlWI1EgFfmHkUmZl+F2Z+tqurazsCZblQhYLMrhF6znzDMRiLj2l7KXZ5UKTXrl27GCsOr8ay8P8Br9o7sUWv6iMggXavE2uRds9CMUWgOAEsbFn74Q9/+F8xxtFD8cWMoRSmdXqed4j3zWu/CbM7vnHdddf9pThXJwEJdHXWi0olAjYE6D1vPf3006/75Cc/eRG6MPrY30xPGYOCNvEz8J4Pvuiiiy7F7I4PYxDRGzDRq3oIqA/arS7kPbtxUyw7AtbtiytJFyxYsPHzn//8jRDlwe9///vnQ2hnMBt/m4GiOcLzzmCDpYOx4vA7FPWtW7f+DIuqYq+QsTNTocIISKDDCMX/PmyJcvwclELDEuDg3xtvvDHrqKOOevnFF1+8HX3QQzhM4kLMe57G7o6wF7tF0GedwcDhQdiq9EKsZGyGwN8Bz1zLwsPgJfC9BDoByMpCBCIQsPaemSYGBvshyp6YHn744ZtfeeWVW/HnCOY7X4aujg78XTQ9CjQHF+E9ZzZv3nw49gC5mH3YWH14Jxa4aFl4hIorR1AJdDmoKk0RiEfAWqS5x0Z3d3evyW7+/Pk7n3nmmZ9yNgi6O74Cj3h2MZHGghgzs4MzQDxPGisOv80VsIh7O9LW1NB4dRkrtgTaDV/UbosoKw/dSqRY9ULAWpxpMLcw5f4dQeOXLFmyCd0eN77++utdP/rRj76F73id502X0/I4P5ob/rO7xN+7YzZmdnyZnjRet9QL2Fq0Q7M4arHWVOZ6JxDlhu7tN50LBCd9j0CcL/vc5z73D9OmTVuD77mE3Bs45G96zr7Ae+JsXtjelF9ksMrw0C9/+cvX44zDj2medOWamzzoyrFXziJQCgL0jAsK+t///d/fTS/7+uuv/wa6LSbD206b+dEUaX8v6nzloFA3oy/7G/Ck2cd9RykKqzSiEZAHHY1XMHQUL8c9F8VsNALBo9FsbC96eARmd2z77Gc/e/s//dM//V8M+m2EOHNVq7egpYg4m3zTmHY3D/OkL/nSl770UQwcap60TY2UMIw86BLCVFIiUI0EjjzyyJ5169bdzn0+sHLwcszc6OLudhZlTUPURzFPei6m4F2OOKM4gOIedJlo2wILeKUIIoEuBUWlIQKVI1C0i8MUa+7cuX0bNmy4Df9TpC/DisMuDAimw47UQrcIjyRLYW70TMT7Ks/XRBp3Vc7cxspZXRzu9a0uDnd2ilk6AuYMydAU58yZ03fmmWf+O96fx9FXr0OcQ9sw50lToCnmmCd9xHe/+92Lv/71r38wNDMFKAkBCXRJMCoREagoAZvuCq+ABx544M6zzz771n/8x3/8CkR6Az6yEmmIOfc0537Sh1588cVXnHfeeR9C14d1vhWlU8OZq4vDrfJCG3VOslHDu5VKsRqRgLUHbeBgCt6e55577j8huu2XXHLJ5ficg395xZYDilxpiK4NzpPm6UBpLGA5GPOkv+7P7vhJI0JPymZ50A6kMT2JzgRXXlnvV1CqM+YciqsoNUSAKwAhgiM81dzfYD+09GZT/tCAgQCLFy9+DeL8XXjSX5g5c+Za40mbvaQZlH9zP2mKs3n5c6YzWAhzJGZ23Hr++ee/FwOQXFKuVxkIyIN2gIqpSpxLmoFHEXqDQ//dCBr6IH7rRG8H1o0Whe2Kx11BCFtshReesPMBsxDZ73F2xy233HI2ptFxF7w0+5w5Vzq42X+eemDbb7/66qs5u+Oz+Ps/Gq2ukrA3VGCSKEQN5sEtEKz63yjQ8LhHdCZhDdZyZYqc4cISCiWXXoe9MHjXD087PGCBhHgmIeZI//Azn/nMVydPnrwJouytOMT0urCs+X0a/dALMLvjEqw6PAVdH9ITG2oRwsiDjgDLBEWfHE9cturewMXWxLffxaF9dh14N1IU9uuibVkLLkRxKtqXd9ig6wu74G3Avh23woNuRd/y1+CRd2B6XZp9z/4RWYWSZphRLAs/CiL9XQj7/8F0vHuxVal1+V3L3CjxJNAONQ2vZQQX0jA9YzweFvUaKM5YXtuOBs9z3yTQDrwbKQo81yGI3RC7xPDU1RLSzcDpb31TpkzZFZfRQQcd1PPaa6/diEUou6+88sqvQawP4CngIQLNfTxasCpxGLvgcXbHNQjfhsUs9yIdtfW4lYL4EmgHiBDnLPbNHfUFOtR74SOrBgkdQDdoFA4Som2N2vRBo1tiO8S0E6h2FMOFvaEzaINNEHweRsvuE6af5dJvxM9AZEch0jsee+yxn8Mjnv7DH/7w8/CGp4VVAbth2GfOcAg/56qrrvo20m1fv379vZjSV7RMYWnrewm0cxtgH7TNICEzgDc0pD5oZ9QNF5FPXRC9FrPjXDEAr7766pFYPPJ3X/ziF3disG4vBRfhs3AihjD7opXHYHHPDZzgzcHHjL//RtafgeQ5Geyu4+fnnHNO+r777sugvWYxs2O9jUBze1KzGtGczOLvJz1x48aNd8yePbun4SqwhAbLg3aAiYaexrFC7FsO5cfpUprF4QC5gaPA022mAxByKjcJcZDugBUrVvwtpr3Nptgax4FdJBR6euJ5uuGyZuA6tw2jvVLkWxGnJSi+haojOJDJrUy5XSm89Rk333zz59lFgnj/0sBVGdt0jbo6IOQkaF4IbORh0dlHxzC8WMLC6nsRIAHc0KNMyUxDnA9ENCpxC9olnQbOBOHUO3ZnsP2x7QXfdJnbEIZHfzP82BvttRPfMW7oPh0sK8ZWxioNXSVmb+k0vOfDLrzwwquwk95nVKvuBCTQ7uysptm5J6+YjUqAUzP9QcJaRsDrI/Pwww9/FP3aR9eyIZUsuwTanX4Ugda0I3fODRmzTsYsMqtWrTrp7rvvPqkhK7EERkug40GMItLxclLshiFgVhPaLFSpASiZp5566k20qQbKWnVFFDT3KpE4u7NTzCIE/NWnVguhqh0kBgoHsAPeDNhUF/YkzVsCnTRx5ScCIQSwb/NmzCFeUw+gOJiOmR0T68GWStgggXanLg/anZ1iFiFwzDHHrDr++OMfQZCaH7vgAi0+EajC3QhIoN24KZYIlI3A/Pnz1y1ZsmQl5iH31rpIc7AT86P7ywarzhOWQNd5Bcu82iSAfZpv+973vvd36Op4GfPtOS/aWyGIlYH9WCXIycfe/zZvTtnz5+x74bmK0F9JGBrfxENf8liemKftHRrLk8HDXuziMGsBwsLq+/0JhK6EE7SCBNTFocZRNgI49WQrXv8BL5qnnxyO6WpHbtq06UAsDOng6j8IZ5YDcNyIyy9E8GSVsbZJgfVXE3LjI64QTPsCm+UeGjlin2uPJ+Bc2QgveDc3QuI+IRD3ZpTnrVgxyI36dR2UrRVoL444aGu+fzCO8YpbfgLTp0/fjlzuZU7YLW6yL8zcP2MUQjlIbzpsEy4u82Y3A71YbiPKNPzDI7hRElfE5nrRQcO8fc8hzC0Q8kHcDFpxw9jLsmBb0v99xx13/O3atWtnFyPBvOtkTnf5KzxPDvKgK4JdmYpANALYtW5HgRgDlimxi4J92rFf2Ds6A5FuhzjPip2YEihKQH3QaiAiIAKRCHR2dg5gD+o9ESKpGyQCrGBQCbQjOEUTgUYlsHv37gno9rB6+rY9Gq5RWYbZLYEOI1T4e/VBu7NTzBom4G+Far07I8NzcLKGTa5Y0SXQ7ujN4Ip7CoopAjVIgIN+YUe9Bc3y96iWQDvUtQTaAZqiiEAjE+DskSibH1HQtReHW4uRQLtxYyx1cbizU8zaJyCPOIE6lEC7QVb3hhs3xWowApoHHa/CJdDu/ORBu7NTzNonIA86gTqUQDtA5qnH6uJwAKco9UIgqjjLmXGseQm0I7iIAh21QbuXSjFFoPwEqBtWbdqfBy2BdqwTCbQjOESLekKEVYN2L45iikBiBCK1Zc2Ddq8XCbQ7O8a09QwiNeh4RVJsESg7AWsP2rtIsFBFKwrd6kQC7cBty5YtGWz72ILJ+rarqdJTp07d4pCVoohA1RHgLnuYCz3EXfVsCsed9Hbt2tVtE1ZhxhOQQLu1CHrEtt6zWw6KJQLVTSDKU6GuFce6lEA7gosYLUpjjpi0gotARQhE1Q6JtEM1RYXskIWiiIAI1CGBqE6HBNqhEUigHaCpe8MNmmLVFYGoAl1XxidljAQ6GdJqzMlwVi7JEYjSpuU9O9aLBNoRHKJFaaDuuSimCFQnAbX/BOpFAp0AZIl5MpCViwjUGwEJtFuNyntw46ZY9UNA10ACdSmBdoesBurOTjEbi4CuFcf6lkA7glM0EWhwAhLdBBqABDoByMpCBERABFwISKBdqCmOCIiACCRAQALtDlmPeO7sFFMERMCCgATaApKCiIAIiEAlCEigK0FdeYpA7RPQ6sAE6lACnQBkZSECdUhAAp1ApUqg3SGrgbqzU8zaJ6D2n0AdSqATgIws1JiT4axckiOgNp0Aawl0ApCVhQjUIQEJdAKVKoFOALKyEIE6JCCBTqBSJdBukDUH2o2bYtUPAasDY31zdb041rsE2hFcxGjyNiICU/CqJxBFoKvemGotoAS6WmtG5RKB6iYQRaDloDjWpQTaAVwmk0ml02m+bRtedmhoqNUhK0URgaojgLbcnM1mR/EK1Q9eI83NzcMRrpWqs7eSBQoFXMnCVWveIyMjabyb0EhD+9aamppG0EAH8Xu4Wu1RuUQgCgG/TQ/ZiC6vEV4rNmIepQyNElYC7VbTaRtxZtJszPC4R2was1tRFEsEkiWA9pxlm7Z1Onit4C2tcagmQXOA1traysc2qz44eg94N6uLwwG0olQlgcHBwRa06YytV0wnBdfMYFUaU+WFkkA7VNCECRNG29rahuFFhIo0BXpgYGDC3r17OxyyUhQRqDoCaMvtaNPNEOimsMLxyRHiPITrZSAsrL7fn4AE2qFVoLGxX3mUj3k20eVB21BSmFohMDw8nMbbSjvoxPge9FCt2FdN5bSCXE0FrpaysE/Ntl8NDdRqQKVabFM5RKAYAXjFFN3Qp0em4Q+mS2ccm5TAOYCD9+CNStMzDove0tIypFkcYZT0fS0RoDjjbTvFlCLdzD7rWrKxWsoqaA41wX41es82XRwYHGzxPYlQMXcoiqKIQOIEOEjIudC2GbOv2tbjtk2zUcJJoN1rOnQOdCDpKGHdS6SYIpAcgdABQrX/+JVhfReMn1XdpVBR0X3ttdcyBx54YBbdLZ6H7r9KXiZ0zwyxO4dPAng38Y2nB28VJd85U62C+ecry36fBeeHmz59rtRE19Aw8+YAUzlbjm8f7Wr13y2+faN57MstSr7H/HGf5djn2Z+kfRykQxtpxsyj/hJypB1Wzp1pJyXMu6GSkkC7Vzcbqa0g2oYrWpqtW7e2/PGPf5z75JNPzrv66qvnIHD7nj17OH2P9cgLhm96Nrl/87PcMlBIzJsDPsE3Pzf/j1CwIMTeyL1ZQekvdWeaTNvkafIxbPLZbQTMy9uIof+3t6DBXx486s+U8TTNL7/5nZt+WF0EbWV6Qbu9MuTYF1zKny9vpmF1AzI3My/TfQs2YJ63/JkzgThV06Yv1+QVtDP4WbF2k8Wso/5vfvObm4444ogX3/zmNz87b968de7NfixmlDYdJWwJilY/SUig3esy0UYHj7nrtttue+tPf/rTD0Kg3wWxPgSCyf09ylUOG+Ew9MpVhmK1EyfPKLa5t5A/1Y3JL06ZncvBpwQ8kQzMnTv3hQ9+8IO3r1q16idvetObXnBOcJ9dFbElRplrMqoEOplqi92YH3rooWNvuOGGzz7++ON/6XuUXsnRBVBWC5g+vWXzgqf5Jxcq8HmcQjB9Pvb7nqz323yGboc4SReKO2ZQQvalE7ZvzG488aSwUKS1r6+v9cUXX1x20003HcDP0I7+bdmyZRtiwLVq0/6WCFZhY5SlbqNKoN2rNrFGh4vp4AsuuOCvguLc3t6eQr9iavv27e4WWMTkxVzPr3q3j3WHWRdjTzpbtmyZe//9958KD/pxfOgq0JHaPkWaXUiW3Tn13Nwi2yaBjozMKUKkBp2bw6uvvjoT4nwKPefp06ensNQ2tXv3bu930Lt1KllIpKA3y6D8v5QveuT0LnM9zDFFKZGXXqjM9W4f2we6wlLo5kh1dnamduzYkcY4xolPPPHEsW+88cZ/HXDAAb2O9Wndpk3fO5uPY14NG00C7V711g3UPYt9MZ9++ukF/f39k/k3fqcwMOh93t3dnertdb2+7ErFCzy368EfIPQSiCvYJv2gJxu86ZT7BlTv9vEGiEHCFPbOoDinpkyZwqeuzG9/+9u3oefje3atIF4oMtY8aDeGEmg3bonG4mYzZntTXmj433ts3bVrV2yBjGoIBTmuKEfJM8m8zA0nyTzLnRfFmR40X3xKMTf0jo6OfrShNnxc3jv8vsqW5xyl0QfCSqAdwSXZ6GbOnLl59uzZL0OQOcCT7urq4vJZ713uQULjwQY92aBIl9vDLbeA1bt9vKHzxZs63+waY9tdsGDB87C97AMMmgftLjCMKYGOx882dqzukMMOO+y1JUuW/OaFF144kZ40uzg4QMiLr0yzHGztUrgqJ2CetvgbMzk8cT700ENXnXjiiX+YMWNGnBFmecUJ1L0EOgHIcbNYuHDhupNOOumXmL+6fPXq1W/Fo2mGXRx4TOUCi7jJF41v0g/2O+d602UtQJkTr3f7MP/Z6w4znjO6OQZPPvnkO9Ceni0zWiVfAgISaHeIiXkQXNL90ksv/Q59id/42c9+9mFOt2N3BzyiWJ55FNPL3dUQpSzlCFuv9vkDyly+ODp//vxV7373u+/8m7/5m3sWL168vhwcc9M0YydJ5FWPeUig3Ws1MYFmEeFF716/fv0DS5cufeWRRx751fPPP38kujc6MaujE1+bpd2FlgIXWhYcagNH3/1l0NwykqdocB9sLlf2Hpcd+6CDy729dPJUg2cLBrk4iTd3abcJXuwGZXXz4l4fAfu8Y5zMcmxmEtxLo0hTCZY/39+59o6V37fPyyon/UKMCqW1nzbig1GuIJw6dep2zPjZirbzHDznpxYtWlSKpd6hbccUSPOg3UVGAu3OrpCw5EvRujEXKw48aQ7qPI/FBqvhTXdhTnQvNxWKZ4JdbDwmt3LUn5szGa+IXhnFrYDA5uOzn2gGBD7vTQTTwrbZlTBeqAL25W4GlU8ci9Ztzg1sPxvLbR/3TuFNCE9bE9FW+vEub59YnmrQPGj3timBdmdXEtF1yR6DOxTlOAM8kbP1D/2s24M/69U+sxsgxiv2TZ6vwIs3cs2DdgNvtWWgW9J1H6tiAl33ZGWgCIiAR0ACrYYgAiIQlUCxbq1xaWkedFS048NLoN35yYN2Z6eYjUVA14pjfUugHcEhmhqdOzvFrG0C1h50bZtZ+dJLoN3rQALtzk4xa5uA1RRGmqh50PEqWgLtzk8C7c5OMWufgHX7N/Oga9/k5C2QQLszt26gfhbWXod7kRRTBBIhwLZv3f79zbXU/h2qRgLtAK2np6cFm+V7q+pso2M112bbsAonAtVMAAuktuJEn0GeGG5TTp4Ij60Jum3CKsx4AtYCI3DjCGiQRA2i0QnII06gBUig3SDz8c7Ke3BLXrFEoOoJSDsSqCJBTgCyshCBOiQQRTus+6vrkFMsk6JAjpVRnUWONEhSZ7bLHBEgAWlHAu1AkBOArCxEoA4JqA86gUqVQLtD1mObOzvFrH0CUQRaT5yO9S2BdgSnaCIgAiJQbgISaHfCUTwI91wUUwSqk4DafwL1IoFOADKyUGNOhrNyEYG6IiCBrqvqlDEiULUENGbjUDUSaAdoiiICIiACSRCQQLtTVreFOzvFFAERsCCgQ2MtIFVbkIGBgTZsPjMF78l+2YLTmIKPkrmPlcUeMwt+x5OpcehnFidCjzQ3Nw9xkxweZcRtJHFqtNeG+L//2/vOfMZTwHO+zwbDMi1uOoV3Ew8X5f9MFxvstCJuE2xtRXxjX6Ey5t4s8908C36GfNM81BT2DQbsYzkyPBW7QPk9O/LYN85+2DNC22gjw/N/374WxE379nHbgHwnhpumV8i+sM8z3EmOdTRp0qQ9s2fPXlfCtqwuixLCLJSUBNodcuIeNHbRm/7zn//8HZ/61Kf+bOXKlW9Zu3btETitebeDCWEX19j3ZsN1CgvFE0I27IszL/4MBGZCUJCDf7NcFDAKrxG54N8UJaZLATECxvSN8CNuM0Uzgn2R68S3L51jn7fRvG9fu4V93g0keP6esTPHPo+fEX6yCdgXrJNCdkT53Euvv79/Ik6Bf33JkiVPXHzxxY++5z3veeyYY455MgJTBa0gAQl0BeFHyXrdunXzLrvsso99//vfP33Tpk2H0GmdMGFCCqI9KUo6UcPSAxtz4+BJ05vmy9/jd7/k+L0Jwy8hvOPC5H7P/yHQY2EgaN7fJl4wrahltwlf7/axjeBG3o33Uffff/9puLGvePTRR298+9vf/lsbPkXChN3kc6NGDR+zePURXQKdTD1G9uxyi3XVVVf99x/84AdnvPHGG3P5HYWLYhYUmHKbUkiUg/mGhQn7PlfQZV+8WkVXUQpeOruM2E3Vevvtt/8t2tBU3PA3zp0799V4qSt2uQlokNCdcGzRtc366aefXgyv57/hwjqIwtzW1uYJ9J49e2yTULgGJUBh5k3PtBlgyLzwwgvHPvTQQ29pUCQ1ZbYEugaq69lnn52/atWqt9Jx5oUW7AKogeKriBUkEOxCMk8nGzduPOSBBx54ewWLpawtCUigLUFVMhhma3QODg62swzs1sDAnFccPLpWsljKuwYIYBDZKyXbDL3pzs5O7/+XXnppYcLFVx+0A3AJtAO0pKPg/Ld+jv4zX15keomALQHTh28GXzFzxNzc993l9apqAhLoqq6efYWbM2fOpmnTpm3En1kKNEfmMV9XYl0DdVfpIvb19XlFYJthdwcOO07Bq+5985vf/HjMsskjjgnQJroE2oZS/DCxBhSPP/74508++eQfmznP9IrgUccvlVJoCAJsK+x/9rvEsscdd9yvTzvttPsbwvgaN1IC7V6BUTyIKGH3K1F3d/fOU0899eeLFy/+Pb4chReU5dxhetF6iUAxAmwjXPKJBStZCPVu3OR3LF++/D/wfiwmuShtOkrYmMWqr+gSaIf6ZH+ev+DCuuFx6bJDVmNRPvShD/3qhhtuOPP000//eldX11b0JXLJMFfZcSVIIm94YP2tra19sJ0dmVzSPBL3DdEYs4FpYZbKHjyO9yKffnD28knqDfv2Ml+Wo0z2Dfv27SJH2McBBWMf88z3jmU/xi+2cy0983nb2972k5tuuul/nnfeeTfFaYtoyy0Ufa7+DEuHqytxk/BWn4aF1ff7E5AL5tAq4L1yDwoudQ7tuoAAeftXmEE+h+zGohx99NF/3L1798VnnHHGzWvWrJm5efPmGb7wm3Lwd/Bvxs3936YI+y31hg0UT+7D4e3BwUS4fwVml3DeX6E8w/Li/h7DhqW/VwUvfO5R0YK0kUWT2afC5QIPjcNl1ywk7BstYB+nyhSr53x7n4x9BvuGAvZxrxFjX3Me+/KlFWQYeak35sq3T506dddhhx22btGiReuw7HtzWKWEfc+2bEQ37Bowy/ZtxDws30b8XgLtWOvmwg6LToExmwuFhbX5HtOkuPfGS/47tWXLlqAoBwXZ/F1IoENvLkzAPC34AkaRHr9226bQDmH8jZJaMMhFAc23kVCo+Fpkyz04vKch2JeFbSPcEIoiahE3VhDYx31MMrCPgwnBzaDy2WpVV3kK5DkSs2bNirKfSahd5HPWWWeNUKjxCn0yNPuahCasAPsRkEA7NAo8no7So7SJyguEO6L5nu5emzhRwsAjMhd3lGhVH9bna8W46o3JU0De8PAx3/vmvdXQC55/67nnnssdCEO7OGgWnyJxzdScndVQJVaAq6Gg1VQG9JHSkxzmTmVh5aI4c8c3DOztWzGglwjUOAG05Xa0aW6hGjqViN1WEOdBXC+ad+1Q7xJoB2h8zKcHxK4Lm+jcTjPuIKFNPgojAkkQYPcM3zZ5+VvUjkKktcLKBlhOGCvIDunWfRS/X82qbxCPeENmf+C6ByMD654A27I/eBtqK58gbcdrQhNrwAASaIdKp/fA/jdzmkixJDiKX6pZHA5FVRQRKDkB9inbCjQz53XCsZiSF6QBEhQ0h0rmqD89aJsuDs4ZNY3UIStFEYGqI4BBwha0a+sJBnRmogh61RlcwQJJoN3hW3VvuCevmCJQ1QSitP8oYava6KQLJ4FOmrjyE4H6IGAlusFzGuvD7GStkEAny1u5iUC9ELAS6HoxtlJ2SKCTI1/21WnJmaKcGpxA7urVMBwS8zBCBb6XQDuCQzQ1Ond2iln7BKzaf9heHbWPobwWSKDLy1epi0DDE6BIcwOshgfhAEAC7QBNUURABOwJRFnUZZ9qY4SUQDdGPctKESglAY6nWHvEnMmhedBu+CXQbtyixtIAYVRiCi8CIpCSQKsRiIAIlI2A5kHHQyuBjsdPsUVABESgbAQk0GVDq4RFQAREIB4BCXQ8footAiJQhIDmQcdrHhLoePwUWwQakUCkQW/Ng3ZvItZbBrpnoZgisI9AT09PcGqWORk8i60rMzy0laelIxjGldLejylTppT9FA4uoDCHxKJ8PMaJZ+jx5HJuKesdKBvyKhoAJ2qPbN26tYkn8OTYl4V9VifyhBWg2r8PzIOOJOzVblcS5ZNAJ0F5Xx6hV7pNUbZt2zb5pZdemrtmzZqDEL7ZPxfO7I2Qm0e+PAuVI3jxjJ0szdO1kQ8FK4u8vN++eKV54QUErNDp4cas9F133RU0cT+x9r80n2euu+66TEdHB8+yy1dmU8aoXMeJxC233NK0YsUKz8B77rlnn6G+OPv2FROV0LxhQ+rHP/5xvqpN+/aZg4RD07JpH36YYP1lcJPo6e7u7j300EPXTZs2bSvO1Ez0AFfNg45QczlBJdDu7BKNuWnTpsmPP/74UWeeeeZHfve73/3566+/voAF4IG05SwIvMlh04/oe0J11S3G00Fy7CulUJayamzLtd8NBaf6DE6ePPmNY4899tH3vve9//nCCy88dMQRR6yJWTh5wzEB2kSXQNtQih/G9uIqmNMTTzxxJDy9T959992fwIkWZRXlnEK0+ifIeI/75m8TBt0D8ekUSQHdAmVNH4ln6sy+/doaupDat2zZcvADDzwwd/369fN5EtC6det6586du63ccDUPOh5hCXQ8fonEXr169awLLrjgYz/5yU8+TnFGf2aqvb2dZ72l+vv7y1qGMIEM+76shStB4mHlD/u+BEUoaxKTJk1KoZvK609HW0k/88wzJ9x2223bDj744LXI+FdlzVyJxyYggXZHmNgjHvqcD37ooYc+iAusE4/kXol3797t/S63B2vwBAfLgn+XW8AsBuncazAQs17t27Vrl2dla2trauLEiak9e/akH3vssT///e9//0u0od90dnaW/RGlJBXUoIlIoKu84jEDoP3OO++cgz7oQ1hUjPynduzY4V1w9KT7+vqq3IJ4xaPnV8+vctsHAfZu5pydwqcuPIGl0OXRtmrVqjeh22M62G524GvdZef379d3JToAtI0igbYltX+4KI3OukHnZoNBwGaeDG4Gsnbu3Ok9slKc6fWV24POJyDBz8qdv3v12MWsd/soyHyxzWAGkHdj54tdZUnN5mDbDU5ntKsZhSIBCXSVtwNMj+rHe1dbW1sfxLrTPIpToPG4WvbSGwEu5OmV2wMsd/r1bh8FGjM4vCct/m3sxe8heNeuDYgOh7WD4s/+iRSn7A27RjIo7xB8jUCIWkwsaGjZu3dvC7wCa36Yi7olaj4Mzz7Co4466pVly5b9mheFueAg1i7JxYpjZnEE+2sDc4a9gai4bxYwqX7nXBj1aB/7ndklxi6Orq6uFNptCm1x86mnnnofPOh97nXE1/Tp07eju2SQs0FsovIJEH3h3TZhFWY8AXnQbi0iUW9g8eLFaz7wgQ/chcUpizds2DAPF1ya/Ym4UFL4380Cy1i5HqwRT/N5XDHNnbZnRJLFYx7l7kKpd/vYtcG2Qq69vb3EOnryySfftXz58v+KuYl+lG47etvWHrdl02yIYBLoGqhmeDpDmMlxP4R52o9+9KNPrV279nB6QlisEuUiiW0pxQwXOr0ms3LRE9E4r3zx6e2ZV9z0o5TNt29clLj5V9o+PGl5FcT5yBDqvne96113ffrTn75p6dKlq6OwUdjKEJBAu3FP3CNYuHDhhldeeeXmefPmvfqb3/zmbfCmF27cuPEQ9C12BUyIp5Z5WJjlznyc5apC/ubFziXm+C7jLzXPR9Hq5uELvhffX9SAJEebMH2P+2JwEUnJbQoWNse+Edg3Qm+Tefv2WXdj5cMXLD9t9dllYB+X6Rv7XG0MjUd7MF4xOGvWrLXvfOc7f3naaac9cNxxxz3j1uzHxbKq33K2zRLYUPVJSKCrvor+VMD58+dvwn93YnrUL/G42oHujQPQzdGDz+hyBm8auReuzcU0tn9DAAn0xJspwjPlUlgyPMLHYr9bgntxGPEK21cjH+VxZTQrzuhxUrjwaG7eTNvYx3Ty2Rb8zMZWUx5jn7dBkm8fNxhBMbIU6LEnhZBmUkgoxz4P2OfNaOAeJ8ZGy/oLzSOnjGMc0Afcij1NhhYsWLD+0ksvrUSLT9yhqYSR5chTAu1GNWqDiyIaoSWaMWPGdgTie31oYAUQgfIQKGmbLk8Raz/VOI9vtW+9LBABEXAlENq9kpNw1PCu5aqreBLouqpOGSMCVUlA4uxYLRJoR3CKJgINTiCq6EYN3+B495kvgVYzEAEREIEqJSCBdqsYeQNu3BRLBEQgAgEJdARYCioCIiACSRKQQLvTlhftzk4xa5+A2n8CdSiBTgCyshABERABFwISaBdqiiMCIqCFKgm0AQl0ApCVhQiIgAi4EJBAu1CLHkf9ddGZKYYINDwBCXTDNwEBEAERqFYCEuhqrRmVSwSqm0DUPuio4avb+oRKJ4FOCLSyEQEREIGoBCTQUYn9Kbw8And2iikCImBBQAJtASlPEImzGzfFqh8CUa4B24MP6odOiSyRQJcIpJIRAREQgVITkEC7E43iQbjnopgiUB8EdL041KME2gVahmd9pr1DTm2j81w427AKJwLVTABtudmcHRlWTl4jOLR2OMq1EpZmI30vgXaobZzInOap0/6hokVTwGGkPFV5iCdiO2SlKCJQdQT8Ns3Tz0MdFF4j/gnmTVVnSA0USIfGulVS8ETrMIEexanYPAk7tDFHKcquXbsmbN26tXvixIl9iJd7iG2cvMyjqDeww1O8UX7v1OvW1tZhnHw9jBvOSJSyFgvb19fXQTZkxJsYf/NU78HBwWaeet3f388nj+Cp5WG2hZ3wHXzUzuTYN8STvWEf8yvJK2AfT0Qf8e1LR7AvaE+u7eb/fKeq0/ni55k9e/Z04lTvwVmzZm0rhVE85f2ss85ifY2wjsLSpEgHToAPC67vAwQk0A7NAUI16l/Eof1q8B4y9Lb9Lo69DtmNi/Lkk08e+eCDD771S1/60oEQrw4IQLt/IY4TVj9Svgs3rAjjRIBi6QtolmLG9+mnn+4JGC86/ynCJR+vHGeccYbXBilc5s3HZ1z4TXz7toWJcq5N+eolb13BPnZX8QZB+yiiYfbZ8vPK7Nvn3YDw9gQ6xz6TnrGRv/OVtZBQF2XDvPiaPn361rvvvnvl8uXLV+JU+K1hRhT7HjeXlnPPPZd30lBxZjrkimtmIE6ejRpXAu1Q8xMmTBhta2ujtzcS1kgpzgMDAxP27t3bgaycBfr5558/EML8NlwYpz7yyCPvg1c0qcCF7GCRotQzAbZT3oTuueeeP77//e//t5UrV/7suOOOe9bVZrTlCWjTzWFtn+kzX4jzIK4XCbQDcAm0AzQ0tqFrrrnG84rwCk2BfXBxBglxQTTfeuutx1555ZVnQaiPDwozyhKaf5wA7N6gF2Y8sTF3z/8M3lGc5L24/oATvWjvzQFYcs3NM3ZGeRKod/sgpCl0bzTv3r079corryy97rrrvoj21PbYY4/1nnDCCa+5MPWfbqy8Z7/rahQiPeSSV6PHkUA7toDA431oCuxbjdMHvXr16oPg/bzPiDNFsauryxMx9EWH5l/OALjxlDP5iqddD/ZRpNlmOLiNLrFuPIG996STTvoD4DoJNNqy19VlUzm2g+k2aTViGAm0Q63Tg7j22mub6BmHRfcHnWLN4njmmWcWPPzwwx+g54z+wxS9oR07dnhZ09ss54vpBz1o4+Eaz7cU+Qe9ZabHPMzL5gkljv31bl97e3sKYxWeQE+bNi21bdu29HPPPfcWiPRxGzZs+P2cOXMi3+H9vnrrgWKKNMdibEU9Tn3WW9xQgak3g0thD71hetBmxkGxNOGBeX0ANmKeL52dO3e2fetb31qEgRn2YXsXG998dXd3p/B9KUwqmEZuN0O5BZP5gVVZbQomXu/2sa1gQJuDrqmenp5UZ2cnb/Dpp556apnNNNF8FcEZKGjXVl0cjI82A22287gTq/gayUgC7V5R5XVd/XJBhAcuuuiiPWYedfCCozjz4ivny3iYxmMudV65Ahn0yEvhnYeVt97tM+JMDvSi2d3BF7rIejl1MoyPvq8sgfJe3ZW1rdy5RxFohnW+GKZOnboFXRvrIcjT6V1OmTIl1dvb63lFfOslAoUImPaBrjbvZu4/fWVnzpy5js6tIznrtsynzTjjL47lq5toEmj3qowi0O65IObChQtfOfroox/GYOHR+DeNKXYp9i3SG0qqOyDXmzX90nG9XONBF/Kck5jJwcqpV/vMEwIFGrM3vAehBQsWrDrxxBP/gIUru2M1TEUuOwHrfqSyl6T2MkhMoCHOL51yyikPHHXUUY/yAkMfoDdQmIR4sc8539vkbYTa9bep9qAtSdhl8q13+8wURszeYD1mMeVu53ve857b3/GOdzwZ45Kz9qBj5KGoICAPugaaAVaBDa1bt+5hLqu99957P4SFBu/esmXLQfi/1DeJ/S48LnKIMqUwDs48/dEcjLVeFWiRdz77uLKPo742LE0YJ4GysM+mDBZmjgvilRVPXHvmzZv39Mknn/zvn/jEJ+5dunTp61ETCoTP3VqgYFKWXGMUpb6jSqDd67ccF1PB0sydO7d38+bNP1+0aNHLf/jDHx7EooP5eHxtQRdHC5/Q8TZPQ8El30wv939+Zi6w3N/BPS/49ygejYfYjcKbAacXcvWYuej8x2ez50NwU3YbNp5wcE5t0OhAf6VnExcF+TaY9IP55PIK5lto3wpjv/fbt8+zzbdvTKx9+4L5BnmavIstwTb9r2OC5ttrymnsG9s3I0995bIMYzuuTlF3WUyv65k0adL2I444YvWyZcteRJfZJvdmPxbT+ibF9sIl9VxOX4J8GyoJCXQNVTcGdjgi+By85xfR2Ntw4e1JsvicnkUv3ky1o9gEPKQoQjIWNjiA5P/tCSJf+N2EWSz75hSW+YVuI27QlOGNiGJC8c6xz6kEft+2t79G8OYTsM95+b9TgUoTydqD9u6Cf3pCkUBH5C+BjggsEDzMk3FPOSQmZnRQqBOfvoE5tLzAcicp18VFxw2wYJvrrAbXuq7lZZjW9c4bk+ZBuzURDRK6cVMsEWhkApE86EYGFdd2CbQ7wagetLXH4V4kxRSBxAhYtWfNg45XHxLoePwUWwQalUBUB6VROcWyWwLtjk8N1J2dYoqACFgQkEBbQCoQJIpARwnrXiLFFIHkCFi1aX+Wj1XY5IpeOzlJoGunrlRSEagWAsXmou9XRjMPuloKX0vlkEDHqy15BvH4KXbtErBu+xFWatYujTKVXAJdJrCBZCN5G+UvjnIQgdgEIrVpzYN25y2BdmcXNWaWp1lEjaTwIlCFBCIJdBWWv2aKJIFOtqok0MnyVm7lIeDtk2KTtOZB21AqHMYKcrwsFBsEJMxqBvVGQG06gRqVQLtDtlpJlZO8GrU7b8WsHgLq4kioLiTQ7qC1H4E7O8WsbQLWAq39oONVtATanZ88aHd2ilnbBKwFmmZqHrR7ZUug3dlFEWh1bbhzVszqIxBZoOVJu1WiBNqBW09PTwcO4GzGxu5NttGxuf5WvBPfw9m2fAonArYEcATbNhyhNYRDI6z2zx4aGmrZtWvXJNv0Fe5PBCTQ7q1BfdDu7BRTBETAgoAE2gJSgSBRujjcc1FMERCBhiUggXarennPbtwUqzEJyJlxrHcJtBu4qAKtBurGWbGql0DUgW9dAw51KYF2gKYoIiACIpAEAQm0O2V5BO7sFLP2CURt/1HD1z6hElgggXaDGKWxRQnrVhrFEgERqEsCEuhkqlUinQxn5ZIcAbXpBFhLoN0hq4G6s1NMERABCwISaAtICiICIiAClSAgga4EdeUpAiIgAhYEJNAWkBREBERABCpBQAJdCerKUwRqn0CUhSpRwtY+mRJaIIEuIcwiSWlAMRnOykUE6oqABDqZ6pQHkQxn5SICdUVAAu1enRJdd3aKWfsE1P4TqEMJdAKQlYUIiIAIuBCQQLtQUxwREAGNqyTQBiTQCUBWFiJQhwQk0AlUqgTaHbL64NzZKWbtE7A6j7D2zaysBRJoN/7mVGOJtBs/xWosArpOHOtbAu0ILkI0Nk5xjgBMQWuCgEQ3gWpqTiCPes0iSgPNZLPZNF5j/XY8ih6vIRs4IyMjTXiNMCz+zuBv7/Gyp6dnmk38CGFYvnF2odyZ5uZmFHeodfr06W8MDw/j3+bhCGmGBk3Qvv3KwnqhPQH7mvC/x7pUr2CdBW1F/U338yhbf24e+yLX3+joaDqTyWT5m+Xl3/jVYsnHPG1aBlewIIEoIiNyPoGtW7d2XH/99X/9hS984VoKWDEwuBpSEOK+tra2fr4hrkMQarT10QzeTWjsNn15xeop9+IuFDaKCOQLm5tuOdtOlLIWwx+XW1wbbewoFiZO/qVIN5iGd/Nmu8XNrG1wcHACbtaT9u7dW1QX6EwsWbLkdw8++OD7p02btkMiEo2APOhovLzQaKQpiKxVTDRihu9Ao+7o6+sbRbwRiHqKws43vrdLyCo3BRKB0hIw7RyOxFibZ/vFk4BVRvS2+YRi6YhYpdlIgSTQDrVNr8D2MZgNmw2aQs2nQ//tkGv+KLY3CtcMWfZKvmRfPPpx68/EpyCzLtie+cI14DkqYekjnhyQGFUogXaA19raOsL+Y/bvhUUPCkywMfPzUohPKdIoZkPYBRhmf9zvZV88gqWoP/+JzxNjW8/ZlJr91rxWcM2UdNwiHpXaiS2BdqgrNrYIA3xeDvkE2TR8hyIoiggkQoCeclyRx9jLwMSJE/sSKXCdZSKBdqhQNLjsDTfcMGgbNSjOuaJsHhlt01I4EUiSQLDtmr+DTzV+113RIpV61k+S9lc6Lwm0Yw10dHT0wYse5Ih2sSTyCTAbuPFK2I+nlwhUK4Fg+3TxpDk4iCfO4lM9qtX4KiiXBNqxEijQePfu3LmzqEAXEmDjhbg0+mCR1UfrWIF+tLj84+W+r+urnK9S2hf0pm0dC3Rt9OI62V5OG+s5ba1wc6zdo48++oVTTjnlbkT3pjnQU540aVIKDXIsRXSFjPU9Bx8Pgxdl7uf5wpnR81xvvFLdI8zXn99d0L4wu3IfnZmm7HNsjBGjudYfszFddKb+2A7Mq729PdXd3c15/+aj7IQJE3rPPvvsf4lYRAUXgfgEHn300aXHHnvsryDKO32hplhnOfeTqwb9lYPeZ+V4lzv9sDKXO/9ypy/7vJWt5XqPzp49+9Urrrjif/X397fGv9oaM4XyPl81ANMVK1b85a9//es/+8UvfvGBDRs2zOPsDvZNDwwMtGOV1YQCE/QjTS5GGiMUK07r4+pD/D3KdLn8m3mUEzP6DwdMvlxFZqYW+uJJDzqSLfnKmmNfhmn69g3Dvo4atW+MC21hnXFhEhn69nH9PusvCfu8fGPUX8HVqbQJT4p7WYdcLs88pkyZsmXZsmW/PeGEE359zjnnXN/V1dVfzjqs57Ql0CWo3W3btk1cuXLl4tWrV89Hn3Q3GyrmizZTzCBw3G/DZsmxuaCDvynKY544/9z3b5qrsyjQWc7J9tOPu+dBrtB6/3MeK98Yrc9wTwl/4cE48clBGLQ1d6nw2KOv8dz4yGw8Zd8+Chi7UIL2sSsuaF8wD9s2nLcsAfuaaBtt9MvmldW/wYYtn8/1QhnV+6xA/dG+bKD+zAImY6PJL9fm4OeGZT7eY23IF2bWX9C+sXT8fTWYVjBvW3tTaOvN6NrYC1uG/T07hrFnyzYI9NPHHHPMyyW4vBo6CdvG3dCQbI2HODfhca6NjR5eBedKD2PPAttNZfJ5ouM+MwLN9JE2VzOOcsqfbfnihoO35wk1RYfiA88ou2PHDq8NTZ48uSTlwAZC3JinZOlFsbmQfaWyLUpZyhEW9nFrAdbfWPL+DckIdPB3oSKMq2dOoWN6OTeAwZkzZ9qtBS+HoUpTBERABERABERABERABERABERABERABERABERABERABERABERABERABERABERABERABERABERABERABERABERABERABERABERABERABERABERABERABERABERABERABERABERABERABERABERABERABERABERABERABERABERABERABERABERABERABERABERABERABERABERABERABERABERABERABERABERABERABERABERABERABERABERABERABERABERABERABERABERABERABERABERABERABERABERABERABERABERABERABERABERABERABERABERABERABERABERABERABERABERABERABERABERABERABERABERABERABERABERABERABERABERABERABERABERABERABERABERABERABERABERABERABERABERABERABERABERABERABERABBqTwP8Ha74ZMydEKwQAAAAASUVORK5CYII=',21);
/*!40000 ALTER TABLE `Immagini` ENABLE KEYS */;
UNLOCK TABLES;

--
-- Table structure for table `Luoghi`
--

DROP TABLE IF EXISTS `Luoghi`;
/*!40101 SET @saved_cs_client     = @@character_set_client */;
/*!50503 SET character_set_client = utf8mb4 */;
CREATE TABLE `Luoghi` (
  `id` int NOT NULL AUTO_INCREMENT,
  `citta` varchar(128) NOT NULL,
  `provincia` varchar(20) NOT NULL,
  PRIMARY KEY (`id`)
) ENGINE=InnoDB AUTO_INCREMENT=5 DEFAULT CHARSET=utf8mb4 COLLATE=utf8mb4_0900_ai_ci;
/*!40101 SET character_set_client = @saved_cs_client */;

--
-- Dumping data for table `Luoghi`
--

LOCK TABLES `Luoghi` WRITE;
/*!40000 ALTER TABLE `Luoghi` DISABLE KEYS */;
INSERT INTO `Luoghi` VALUES (1,'Roma','RM'),(2,'Caivano','NA'),(3,'Santarpino','CE'),(4,'Napoli','NA');
/*!40000 ALTER TABLE `Luoghi` ENABLE KEYS */;
UNLOCK TABLES;

--
-- Table structure for table `Operatori`
--

DROP TABLE IF EXISTS `Operatori`;
/*!40101 SET @saved_cs_client     = @@character_set_client */;
/*!50503 SET character_set_client = utf8mb4 */;
CREATE TABLE `Operatori` (
  `id` int NOT NULL AUTO_INCREMENT,
  `nome` varchar(128) NOT NULL,
  `cognome` varchar(128) NOT NULL,
  `email` varchar(128) NOT NULL,
  `password` varchar(128) NOT NULL,
  `num_esami` int NOT NULL DEFAULT '0',
  PRIMARY KEY (`id`)
) ENGINE=InnoDB AUTO_INCREMENT=3 DEFAULT CHARSET=utf8mb4 COLLATE=utf8mb4_0900_ai_ci;
/*!40101 SET character_set_client = @saved_cs_client */;

--
-- Dumping data for table `Operatori`
--

LOCK TABLES `Operatori` WRITE;
/*!40000 ALTER TABLE `Operatori` DISABLE KEYS */;
INSERT INTO `Operatori` VALUES (1,'Operatore_1_Nome','Operatore_1_Cognome','operatore1@swbd.com','$2y$10$SW0F7Y.vD5GkIyrnsjEEpO8vJFNZdsq7E4kyuH4BOKhQDD5ieyY2.',5),(2,'Operatore_2_Nome','Operatore_2_Cognome','operatore2@swbd.com','$2y$10$3hbBksnLpCfDlQcCseQhA.vr6hP9hc5HTpOF9bxrIPQCjaFt98lxi',5);
/*!40000 ALTER TABLE `Operatori` ENABLE KEYS */;
UNLOCK TABLES;

--
-- Table structure for table `Referti`
--

DROP TABLE IF EXISTS `Referti`;
/*!40101 SET @saved_cs_client     = @@character_set_client */;
/*!50503 SET character_set_client = utf8mb4 */;
CREATE TABLE `Referti` (
  `id_esame` int NOT NULL,
  `testo` text,
  PRIMARY KEY (`id_esame`),
  CONSTRAINT `Referti_ibfk_1` FOREIGN KEY (`id_esame`) REFERENCES `Esami` (`id`) ON DELETE CASCADE
) ENGINE=InnoDB DEFAULT CHARSET=utf8mb4 COLLATE=utf8mb4_0900_ai_ci;
/*!40101 SET character_set_client = @saved_cs_client */;

--
-- Dumping data for table `Referti`
--

LOCK TABLES `Referti` WRITE;
/*!40000 ALTER TABLE `Referti` DISABLE KEYS */;
INSERT INTO `Referti` VALUES (12,'fdfcd'),(20,'mogus'),(21,'Il paziente ha riscontrato il mogus.');
/*!40000 ALTER TABLE `Referti` ENABLE KEYS */;
UNLOCK TABLES;
/*!50003 SET @saved_cs_client      = @@character_set_client */ ;
/*!50003 SET @saved_cs_results     = @@character_set_results */ ;
/*!50003 SET @saved_col_connection = @@collation_connection */ ;
/*!50003 SET character_set_client  = utf8mb4 */ ;
/*!50003 SET character_set_results = utf8mb4 */ ;
/*!50003 SET collation_connection  = utf8mb4_unicode_ci */ ;
/*!50003 SET @saved_sql_mode       = @@sql_mode */ ;
/*!50003 SET sql_mode              = 'ONLY_FULL_GROUP_BY,STRICT_TRANS_TABLES,NO_ZERO_IN_DATE,NO_ZERO_DATE,ERROR_FOR_DIVISION_BY_ZERO,NO_ENGINE_SUBSTITUTION' */ ;
DELIMITER ;;
/*!50003 CREATE*/ /*!50017 DEFINER=`root`@`%`*/ /*!50003 TRIGGER `update_esami_terminato` AFTER INSERT ON `Referti` FOR EACH ROW BEGIN
    UPDATE Esami
    SET terminato = 1
    WHERE id = NEW.id_esame;
END */;;
DELIMITER ;
/*!50003 SET sql_mode              = @saved_sql_mode */ ;
/*!50003 SET character_set_client  = @saved_cs_client */ ;
/*!50003 SET character_set_results = @saved_cs_results */ ;
/*!50003 SET collation_connection  = @saved_col_connection */ ;
/*!50003 SET @saved_cs_client      = @@character_set_client */ ;
/*!50003 SET @saved_cs_results     = @@character_set_results */ ;
/*!50003 SET @saved_col_connection = @@collation_connection */ ;
/*!50003 SET character_set_client  = utf8mb4 */ ;
/*!50003 SET character_set_results = utf8mb4 */ ;
/*!50003 SET collation_connection  = utf8mb4_unicode_ci */ ;
/*!50003 SET @saved_sql_mode       = @@sql_mode */ ;
/*!50003 SET sql_mode              = 'ONLY_FULL_GROUP_BY,STRICT_TRANS_TABLES,NO_ZERO_IN_DATE,NO_ZERO_DATE,ERROR_FOR_DIVISION_BY_ZERO,NO_ENGINE_SUBSTITUTION' */ ;
DELIMITER ;;
/*!50003 CREATE*/ /*!50017 DEFINER=`root`@`%`*/ /*!50003 TRIGGER `update_esami_non_terminato` AFTER DELETE ON `Referti` FOR EACH ROW BEGIN
	UPDATE Esami
    SET terminato = 0
    WHERE id = OLD.id_esame;
END */;;
DELIMITER ;
/*!50003 SET sql_mode              = @saved_sql_mode */ ;
/*!50003 SET character_set_client  = @saved_cs_client */ ;
/*!50003 SET character_set_results = @saved_cs_results */ ;
/*!50003 SET collation_connection  = @saved_col_connection */ ;

--
-- Table structure for table `Residenze`
--

DROP TABLE IF EXISTS `Residenze`;
/*!40101 SET @saved_cs_client     = @@character_set_client */;
/*!50503 SET character_set_client = utf8mb4 */;
CREATE TABLE `Residenze` (
  `codice_utente` varchar(16) NOT NULL,
  `id_luogo` int NOT NULL,
  `via` varchar(128) NOT NULL,
  `numero` int NOT NULL,
  PRIMARY KEY (`codice_utente`),
  UNIQUE KEY `Residenze` (`id_luogo`,`via`,`numero`),
  CONSTRAINT `Residenze_ibfk_1` FOREIGN KEY (`codice_utente`) REFERENCES `Utenti` (`codice_fiscale`),
  CONSTRAINT `Residenze_ibfk_2` FOREIGN KEY (`id_luogo`) REFERENCES `Luoghi` (`id`)
) ENGINE=InnoDB DEFAULT CHARSET=utf8mb4 COLLATE=utf8mb4_0900_ai_ci;
/*!40101 SET character_set_client = @saved_cs_client */;

--
-- Dumping data for table `Residenze`
--

LOCK TABLES `Residenze` WRITE;
/*!40000 ALTER TABLE `Residenze` DISABLE KEYS */;
INSERT INTO `Residenze` VALUES ('RSSMRA80A01H501X',1,'Via Roma',10),('CMMVCN64E27B371G',3,'Via Mazzini',13),('1234567891234567',4,'Via Mazzini',34);
/*!40000 ALTER TABLE `Residenze` ENABLE KEYS */;
UNLOCK TABLES;

--
-- Table structure for table `Utenti`
--

DROP TABLE IF EXISTS `Utenti`;
/*!40101 SET @saved_cs_client     = @@character_set_client */;
/*!50503 SET character_set_client = utf8mb4 */;
CREATE TABLE `Utenti` (
  `codice_fiscale` varchar(16) NOT NULL,
  `nome` varchar(128) NOT NULL,
  `cognome` varchar(128) NOT NULL,
  `email` varchar(128) NOT NULL,
  `telefono` varchar(30) NOT NULL,
  `luogo_nascita` int NOT NULL,
  `data_nascita` date NOT NULL,
  `password` varchar(128) NOT NULL,
  `sesso` varchar(1) NOT NULL,
  PRIMARY KEY (`codice_fiscale`),
  UNIQUE KEY `email` (`email`),
  KEY `luogo_nascita` (`luogo_nascita`),
  CONSTRAINT `Utenti_ibfk_1` FOREIGN KEY (`luogo_nascita`) REFERENCES `Luoghi` (`id`)
) ENGINE=InnoDB DEFAULT CHARSET=utf8mb4 COLLATE=utf8mb4_0900_ai_ci;
/*!40101 SET character_set_client = @saved_cs_client */;

--
-- Dumping data for table `Utenti`
--

LOCK TABLES `Utenti` WRITE;
/*!40000 ALTER TABLE `Utenti` DISABLE KEYS */;
INSERT INTO `Utenti` VALUES ('1234567891234567','Maria','Lara','marialara@email.com','1234567896',4,'2023-07-02','$2y$10$CyvGsIaIwhU8PQMamFcD4OOug/7AOVxRRcBjrSYPbUqssZsTfeMDu','F'),('CMMVCN64E27B371G','Vincenzo','Cimmino','vincenzo@gmail.com','33336556454',2,'1964-05-27','$2y$10$7kpfkyMrlifD49ZJvz1gaOX9mgJ.F0Hf8UZYkPnYT5E/vlrEqOyFO','M'),('RSSMRA80A01H501X','Mario','Rossi','mario.rossi@email.com','1234567890',1,'1980-01-01','$2y$10$qCs.5ut68jIRmrQ8TCRQZOCNBkQ8CJzjF00xsHeG0aNbRwAFmVLNO','M');
/*!40000 ALTER TABLE `Utenti` ENABLE KEYS */;
UNLOCK TABLES;
/*!40103 SET TIME_ZONE=@OLD_TIME_ZONE */;

/*!40101 SET SQL_MODE=@OLD_SQL_MODE */;
/*!40014 SET FOREIGN_KEY_CHECKS=@OLD_FOREIGN_KEY_CHECKS */;
/*!40014 SET UNIQUE_CHECKS=@OLD_UNIQUE_CHECKS */;
/*!40101 SET CHARACTER_SET_CLIENT=@OLD_CHARACTER_SET_CLIENT */;
/*!40101 SET CHARACTER_SET_RESULTS=@OLD_CHARACTER_SET_RESULTS */;
/*!40101 SET COLLATION_CONNECTION=@OLD_COLLATION_CONNECTION */;
/*!40111 SET SQL_NOTES=@OLD_SQL_NOTES */;

-- Dump completed on 2023-07-12 16:45:35
